AUTOMOTIVE,210
BAREBONE KITS,220
BATTERIES,230
BLANK MEDIA/FLASH DRIVES,240
CABLES,250
CASE BADGES,260
CELLULAR PHONE ACCESSORIES,270
CELLULAR PHONES,280
COMPUTER CASES,290
CONNECTORS,300
CONSUMABLE SUPPLIES,310
DAMAGED BUT FUNCTIONAL,320
DESKTOP COMPUTERS,330
ENCLOSURES,340
FANS,350
FLASH CARD READERS,360
FLOPPY DRIVES,370
FOOD AND BEVERAGES,380
FURNITURE,390
HARD DRIVES,400
HARDWARE,410
HOME ELECTRONICS,420
HOME GOODS,430
INTERNAL CONTROLLER CARDS,440
KEYBOARDS,450
KVM SWITCHES,460
LAPTOP COMPUTERS,470
MEMORY,480
MEN'S ATTIRE,490
MISCELLANEOUS,500
MONITORS,510
MOTHERBOARDS,520
MULTI-FUNCTION PANELS,530
NETWORKING,540
OPTICAL DRIVES,550
OTHER GOODS,560
PERIPHERALS,570
POWER SUPPLIES,580
PRINTERS,590
PROCESSORS,600
SECURITY EQUIPMENT,610
SOFTWARE,620
TABLETS AND ACCESSORIES,630
TOOLS AND GADGETS,640
VIDEO CARDS,650
WOMEN'S APPAREL,660
CARRYING CASES,670
