800-0000,AC-DC-UNI-PR-AD150HC,PRUDENT WAY AC/DC UNIVERSAL,2
800-0001,AC-DEL-83620,DELL COMPATIBLE ADAPTER,140
800-0002,AC-HC-18.5V-4.9A,HP/COMPAQ 18.5V 4.9A NTBK ADPT,1
800-0003,AC-HC-18.5V-6.5A,HP/COMPAQ 18.5V 6.5A NTBK ADPT,5
800-0004,AC-UNI-PRU-AC120LE,PRUDENT WAY UNIVERSAL ADAPTER,5
800-0005,AC-UNI-PRU-AC75NE,PRUDENT WAY UNIVERSAL ADAPTER,3
800-0006,AC-UNI-PRU-AC90CBV2,PRUDENT WAY UNIVERSAL ADAPTER,10
800-0007,AC-UNI-PRU-AC90LE,PRUDENT WAY UNIVERSAL ADAPTER,20
800-0008,AC-UNI-PRU-AC90SC,PRUDENT WAY AC90SC SLIM 90WATT,1
800-0009,AC-UNI-TAR-APA69USOB,TARGUS UNIV AC/DC FOR LAPTOPS,1
800-0010,AM-BT-GC-81811-1,BLUETOOTH HANDSFREE KIT,121
800-0012,AM-CAM-GC-81423,G30 CAR CAMCORDER,14
800-0013,AM-CHRG-PQ-6PC302R2A,PQI 6PC3-002R0002A I-CHARGER,12
800-0014,AM-GC-83691-2,2 IN 1 HOME/CAR CHARGER BLACK,116
800-0015,AM-GC-83691-6,2 IN 1 HOME/CAR CHARGER WHITE,107
800-0016,AM-VJ-CACT-MIN1S-BK,VOJO CACTUS MINI 1S BLACK,1
800-0018,AM-VT-SC-C-BL,VIOTEK COOLING CUSHION BK,324
800-0019,AM-VT-SC-C-GY,VIOTEK COOLING CUSHION GY,356
800-0020,AM-VT-SC-C-GY-OB,VIOTEK COOLING CUSHION GY,3
800-0021,AM-VT-SC-CH-BL,VIOTEK HEAT & COOL CUSHION BK,112
800-0022,AM-VT-SC-CH-BR,VIOTEK HEAT & COOL CUSHION BRN,15
800-0023,AM-VT-SC-CH-GY,VIOTEK HEAT & COOL CUSHION GY,170
800-0024,AM-VT-SC-CH-GY-OB,VIOTEK HEAT & COOL CUSHION GY,2
800-0025,AM-VT-SC-CH-TAN,VIOTEK HEAT & COOL CUSHION TAN,213
800-0026,AM-VT-SC-CH-TAN-OB,VIOTEK HEAT & COOL CUSHION TAN,7
800-0027,AM-VT-SC-C-TAN,VIOTEK COOLING CUSHION TAN,432
800-0028,AVR-OU-SS1200,OPTI-UPS SS1200 600W AVR,20
800-0029,AVR-OU-SS2000,OPTI-UPS SS2000 1000W AVR,3
800-0030,BAT-ALK-EG-D-2P,ENERGIZER D ALKALINE 2 PACK,5
800-0031,BAT-HP-DV4-10.4A,HP/COMPAQ 10.8V 10400MAH,1
800-0033,BAT-LEN-121TO10C,LENOVO F40/F50 10.8V 4800MAH,1
800-0034,BAT-NMH-CM-NH-AA2PK,2PACK 1.2V NI-MH AA BATTERIES,777
800-0035,BAT-NMH-PAN-3MCCA4BA,PANASONIC ENELOOP 4PK NI-MH AA,5
800-0038,CAB-1394A-6P6P-3,3FT 1394A 6PIN TO 6PIN CABLE,1
800-0042,CAB-AD-DPM-HDMIF,DISPLAY PORT MALE TO HDMIFEMAL,3
800-0043,CAB-AD-DPM-VGAF,DISPLAY PORT MALE TO VGA FEMAL,9
800-0044,CAB-AD-MDPM-DVIF,MINI DISPLAYPORT TO DVI FEMALE,4
800-0045,CAB-AD-MDPM-HDMIF,MINI DISPLAYPORT TO HDMI FEM,2
800-0046,CAB-AD-MDPM-VGAF,MINI DISPLAYPORT TO VGA FEMALE,2
800-0047,CAB-AD-MUSBF-MICUSBM,MINI USB FEMALE TO MICRO MALE,10
800-0048,CAB-ADPT-20F-24M,20PIN FEMALE TO 24PIN MALE,96
800-0049,CAB-ADPT-20M-24F,20PIN MALE TO 24PIN FEMALE,89
800-0050,CAB-ADPT-24F-20M,24PIN FEMALE TO 20PIN MALE,398
800-0051,CAB-ADPT-AD-DVI,DVI TO 15PIN VGA ADAPTER,14
800-0054,CAB-AD-USBBF-MINUSBM,USB B FEMALE TO MINI USB MALE,10
800-0055,CAB-AD-USBF-MICUSBM,USB FEMALE TO MICRO USB MALE,4
800-0056,CAB-AUD-1F-2M,AUDIO SPLITER 1 FEML TO 2 MALE,1
800-0057,CAB-AUD-1M-2F,AUDIO SPLITER 1 MALE TO 2 FML,2
800-0058,CAB-AUD-MF-12FT,12FEET MALE TO FEMALE AUDIO,1
800-0059,CAB-AUD-MF-25FT,25 F00T MALE TO FEMALE AUDIO,2
800-0061,CAB-AUD-MM-12FT,12FEET MALE TO MALE AUDIO CBL,1
800-0063,CAB-BY-AD-DPVGA-005,BYTECC DISPLAY PORT TO VGA,6
800-0064,CAB-CAT5-10FT,10 FOOT CAT5 PATCH CABLE,15
800-0065,CAB-CAT5-14FT,14 FOOT CAT5 PATCH CABLE,46
800-0066,CAB-CAT5-1FT,1 FOOT CAT5 PATCH CABLE,1
800-0067,CAB-CAT5-2FT,2 FOOT CAT5 PATCH CABLE,2
800-0068,CAB-CAT5-5FT,5 FOOT CAT5 PATCH CABLE,1
800-0069,CAB-CAT5-75FT,75 FOOT CAT5 PATCH CABLE,6
800-0070,CAB-CAT5-7FT,7 FOOT CAT5 PATCH CABLE,8
800-0071,CAB-CAT6-100FT,100 FOOT CAT6 PATCH CABLE,3
800-0073,CAB-CAT6-25FT,25 FOOT CAT6 PATCH CABLE,3
800-0075,CAB-CAT6-50FT,50 FOOT CAT6 PATCH CABLE,15
800-0076,CAB-CAT6-5FT,5 FOOT BLUE CAT6 PATCH CABLE,14
800-0077,CAB-CAT6-75FT,75 FOOT CAT6 PATCH CABLE,3
800-0078,CAB-CAT6-7FT,7 FOOT CAT6 PATCH CABLE,25
800-0080,CAB-CG-MO-6P6C-E-10,10 PACK 6P6C MODULAR PLUG ENDS,2
800-0081,CAB-DVI-DVI-10F,10FT DVI TO DVI DUAL LINK CBLE,6
800-0082,CAB-DVI-DVI-15F,15FT DVI TO DVI DUAL LINK CBLE,8
800-0084,CAB-DVI-HDMI-16F,16FT DVI TO HDMI CABLE,1
800-0085,CAB-DVI-HDMI-6F,6FT DVI TO HDMI CABLE,12
800-0086,CAB-EC-EC-DF001,EVERCOOL FAN CABLE ADAPTER,1
800-0088,CAB-FDD-R-18,FDD ROUND 18 INCH CABLE,26
800-0089,CAB-FDD-R-UV-18,FDD ROUND 18 BLUE UV CABLE,230
800-0091,CAB-GC-83269-1,HDMI TO COMPOSITE VIDEO BLACK,24
800-0092,CAB-GC-83269-2,HDMI TO COMPOSITE VIDEO WHITE,92
800-0096,CAB-GC-83636,1.5M HDMI TO RCA COMPOSITE,20
800-0098,CAB-GC-83669,MINI DISPLAYPORT M TO HDMI M,70
800-0099,CAB-GC-83671,MINI DISPLAYPORT MULTI ADAPTER,5
800-0100,CAB-HDMI-DVI,HDMI MALE TO DVI FEMALE CNVT,4
800-0102,CAB-HDMI-HMIC1.4-15F,15FT V1.4 HDMI TO HDMI MICRO,8
800-0103,CAB-HDMI-HMIC1.4-3F,3FT V1.4 HDMI TO HDMI MICRO,2
800-0104,CAB-HDMI-HMIC1.4-6F,6FT V1.4 HDMI TO HDMI MICRO,3
800-0105,CAB-HDMI-HMIN1.4-6F,6FT V1.4 HDMI TO HDMI MINI,5
800-0106,CAB-HDMI-V1.3-12F,12FT HDMI VERSION 1.3 CABLE,9
800-0107,CAB-HDMI-V1.3-25F,25FT HDMI VERSION 1.3 CABLE,7
800-0108,CAB-HDMI-V1.4-10F,10FT HDMI VERSION 1.4 CABLE,10
800-0109,CAB-HDMI-V1.4-15F,15FT HDMI VERSION 1.4 CABLE,11
800-0110,CAB-HDMI-V1.4-3F,3FT HDMI VERSION 1.4 CABLE,10
800-0112,CAB-HDMI-V1.4-6F,6FT HDMI VERSION 1.4 CABLE,6
800-0113,CAB-IDE-ATA133,ATA 133 IDE CABLE,44
800-0114,CAB-IO-GVE200,IOGEAR DVI-D VIDEO EXTENDER,1
800-0115,CAB-KS-KJ-12-TL-W,RJ12 KEYSTONE JACK WHITE,3
800-0116,CAB-KS-WP-1P-W,1PORT KEYSTONE WALLPLATE WHITE,5
800-0117,CAB-LD-3PIN-POW-Y,3 PIN FAN POWER Y CABLE,1
800-0118,CAB-LD-ADPT-SAF-4PM,SATA FEMALE TO 4PIN MALE ADAPT,9
800-0119,CAB-LD-ADPT-SAM-4PF,SATA MALE TO 4PIN FEMALE ADAPT,37
800-0122,CAB-LD-COMP-12FT,12 FOOT COMPONENT CABLE,1
800-0123,CAB-LD-COMP-25FT,25 FOOT COMPONENT CABLE,2
800-0124,CAB-LD-DVI-DVI-10F,10FT DVI TO DVI DUAL LINK CBLE,1
800-0125,CAB-LD-DVI-DVI-15F,15FT DVI TO DVI DUAL LINK CBLE,16
800-0126,CAB-LD-DVI-HDMI-10F,10FT DVI TO HDMI CABLE,6
800-0127,CAB-LD-DVI-HDMI-6F,6FT DVI TO HDMI CABLE,5
800-0128,CAB-LD-ESATA-SATA-3U,3FT ESATA TO SATA CABLE,2
800-0129,CAB-LD-ESATA-SATA-6U,6FT ESATA TO SATA CABLE,6
800-0130,CAB-LD-ESAT-ESAT-3U,3FT ESATA TO ESATA CABLE,1
800-0131,CAB-LD-MOL-4PIN-Y-LE,4 PIN Y CABLE WITH LED,17
800-0132,CAB-LD-MOLEX-8PIN,4 PIN MOLEX TO 8 PIN ADAPTER,4
800-0133,CAB-LD-MOLEX-PCIX,MOLEX TO PCI-X ADAPTER,308
800-0134,CAB-LD-SA2-15-UV-90R,1.5FT 90  RED UV SATA2 CABLE,10
800-0135,CAB-LD-SA2-15-UV-90U,1.5FT 90  BLUE UV SATA2 CABLE,10
800-0136,CAB-LD-SA2-15-UV-U,1.5FT BLUE UV SATA2 CABLE,10
800-0137,CAB-LD-SA2-3-UV-90U,3FT 90  BLUE UV SATA2 CABLE,10
800-0138,CAB-LD-SA2-3-UV-U,3FT BLUE UV SATA2 CABLE,1
800-0139,CAB-LD-SA3-0.5M,0.5 METER (1.64FT) SATA 3 CBL,1
800-0140,CAB-LD-SA3-1M,1 METER (3.28FT) SATA 3 CBL,1
800-0141,CAB-LD-SA3L-0.5M,0.5M (1.64FT) SATA 3 RT ANGLE,5
800-0142,CAB-LD-SATA-18-RA90,18IN SATA CBL 90 DEGREE ANGLE,64
800-0143,CAB-LD-SATA-POW-16-Y,16INCH SATA POWER Y-CABLE,7
800-0144,CAB-LD-SATA-POW-6-UV,6INCH SATA POWER UV CABLE,3
800-0145,CAB-LD-SATA-POW-6-Y,6INCH SATA POWER Y-CABLE,3
800-0146,CAB-LD-SATA-POWER,SATA POWER ADAPTER,2
800-0147,CAB-LD-SATA-POWER-DU,SATA DUAL POWER ADAPTER,5
800-0148,CAB-LD-USB-10FT-AB,USB CABLE A TO B 10 FEET,16
800-0151,CAB-LD-USB-6FT-AB,USB CABLE A TO B 6 FEET,9
800-0152,CAB-LD-USBL-10-AB-G,10FT GREEN LED USB CABLE,4
800-0153,CAB-LD-USBL-10-AB-R,10FT RED LED USB CABLE,4
800-0154,CAB-LD-USBL-10-AB-U,10FT BLUE LED USB CABLE,15
800-0155,CAB-LD-USBL-10-EXT-G,10FT GREEN LED USB EXTENTION,6
800-0156,CAB-LD-USBL-10-EXT-U,10FT BLUE LED USB EXTENTION,10
800-0157,CAB-LD-USBL-6-AB-R,6FT RED LED USB CABLE,2
800-0158,CAB-LD-USBL-6-AB-U,6FT BLUE LED USB CABLE,4
800-0159,CAB-LD-USB-PARALLEL,6FT USB TO PARALLEL CABLE,3
800-0160,CAB-LD-USB-PS2,USB TO PS2 CONVERTER CABLE,1
800-0161,CAB-LD-USB-SERIAL,USB TO SERIAL CABLE DB9,4
800-0162,CAB-MO-6P2C-ST-6,6 FOOT 6P2C STRAIGHT MODULAR,309
800-0163,CAB-MOLEX-4PIN-Y,4 PIN MOLEX POWER Y CABLE,22
800-0164,CAB-PCI-2USB3,2xUSB3.0 PORT PCI BRACKET,8
800-0166,CAB-POWER-3PIN,STANDARD 3 PIN POWER CABLE,763
800-0172,CAB-PRU-PWI-HDMI-VGA,PRUDENT WAY HDMI TO VGA,7
800-0174,CAB-PRU-PWI-U3-HDA,USB3.0 TO HDMI/DVI,2
800-0180,CAB-PRU-PWI-USB-OE,PRUDENT WAY USB OVER ETHERNET,2
800-0182,CAB-PRU-PWI-USB-PS2,PRUDENT WAY USB2.0 TO DUAL PS2,3
800-0183,CAB-PRU-PWI-USB-R232,PRUDENT WAY USB2.0 TO RS232,2
800-0184,CAB-PRU-PWI-VGA-HDMI,PRUDENT WAY VGA TO HDMI,4
800-0185,CAB-PS2-10FT-EXT,10FT PS2 EXTENTION CABLE,4
800-0186,CAB-PS2-6FT-EXT,6FT PS2 EXTENTION CABLE,5
800-0187,CAB-PU-84909-1,POWER UP 1 M LIGHTNING GOLD,40
800-0187_Gr,HE-EB-VJ-RAB-GRN,VOJO RABBIT EARBUD SLEEVE GRN,6
800-0187_Org,HE-EB-VJ-RAB-OR,VOJO RABBIT EARBUD SLEEVE ORG,3
800-0187_Pk,HE-EB-VJ-RAB-PK,VOJO RABBIT EARBUD SLEEVE PNK,7
800-0187_Pr,HE-EB-VJ-RAB-PUR,VOJO RABBIT EARBUD SLEEVE PUR,1
800-0187_Rd,HE-EB-VJ-RAB-RED,VOJO RABBIT EARBUD SLEEVE RED,7
800-0187_Ylw,HE-EB-VJ-RAB-YEL,VOJO RABBIT EARBUD SLEEVE YEL,8
800-0187_Gr,HE-EB-VJ-RAB-GRN,,6
800-0187_Org,HE-EB-VJ-RAB-OR,,3
800-0187_Pk,HE-EB-VJ-RAB-PK,,7
800-0187_Pr,HE-EB-VJ-RAB-PUR,,1
800-0187_Rd,HE-EB-VJ-RAB-RED,,7
800-0187_Ylw,HE-EB-VJ-RAB-YEL,,8
800-0188,CAB-PU-84909-2,POWER UP 1 M LIGHTNING GREY,35
800-0188_Bk,HE-EB-VTK-81740-6,VIOTEK WIRELESS EARBUDS BLK,105
800-0188_Bl,HE-EB-VTK-81740-10,VIOTEK WIRELESS EARBUDS BLUE,241
800-0188_Gld,HE-EB-VTK-81740-7,VIOTEK WIRELESS EARBUDS GOLD,164
800-0188_Rd,HE-EB-VTK-81740-8,VIOTEK WIRELESS EARBUDS RED,145
800-0188_Bk,HE-EB-VTK-81740-6,,105
800-0188_Bl,HE-EB-VTK-81740-10,,241
800-0188_Gld,HE-EB-VTK-81740-7,,164
800-0188_Rd,HE-EB-VTK-81740-8,,145
800-0189,CAB-PU-84909-3,POWER UP 1 M LIGHTNING SILVER,37
800-0189_1,HE-GC-IP-83811,IPEGA BLUETOOTH GAME CONTROLLE,2
800-0189_1,HE-GC-IP-83811,,2
800-0190,CAB-PU-84914-1,POWER UP 3 M LIGHTNING BLACK,33
800-0190_38,HE-SW-83315-1,38MM SCREEN PROTECTOR,431
800-0190_42,HE-SW-83315-2,42MM SCREEN PROTECTOR,393
800-0190_38,HE-SW-83315-1,,431
800-0190_42,HE-SW-83315-2,,393
800-0191,CAB-PU-84914-2,POWER UP 3 M LIGHTNING GREEN,11
800-0191_Gr,HG-AA-DRIN007S-GRN,ARTIART SPILL FREE MUG GREEN,2
800-0191_Gr,HG-AA-DRIN007S-GRN,,2
800-0192,CAB-PU-84914-3,POWER UP 3 M LIGHTNING BLUE,9
800-0192_Org,HG-AA-DRIN007S-O,ARTIART NUTRI AQUABOTTLE ORNG,3
800-0192_Org,HG-AA-DRIN007S-O,,3
800-0193,CAB-PU-84914-4,POWER UP 3 M LIGHTNING PINK,11
800-0194,CAB-PU-84914-5,POWER UP 3 M LIGHTNING WHITE,22
800-0194_Pk,HG-GC-83993-2,12 LACE CAKE BORDER PINK,18
800-0194_Pr,HG-GC-83993-3,12 LACE CAKE BORDER PURPLE,6
800-0194_Rd,HG-GC-83993-4,12 LACE CAKE BORDER RED,44
800-0194_Pk,HG-GC-83993-2,,18
800-0194_Pr,HG-GC-83993-3,,6
800-0194_Rd,HG-GC-83993-4,,44
800-0195,CAB-PW-4PIN-4PIN,PS 4PIN TO P4 MB 4PIN CONVERTE,14
800-0198,CAB-RJ45-END,RJ45 END FOR CAT5 CABLES,379
800-0200,CAB-SATA-12,12 INCH SATA CABLE,88
800-0201,CAB-SATA-18,18 INCH SATA CABLE,51
800-0202,CAB-SATA-POWER,4PIN POWER TO SATA ADPT CABLE,8
800-0203,CAB-SLI-BRIDGE,GENERIC SLI BRIDGE CABLE,1
800-0204,CAB-ST-PLATE25F16,STARTECH PARALLEL HEADER PLATE,8
800-0210,CAB-TP-ANT24EC6N,TP-LINK 6M ANTENNA EXT CABLE,2
800-0212,CAB-USB-10FT-A-MINIB,10FT USB CABLE A TO MINI B,13
800-0213,CAB-USB-10FT-EXT,10FT USB EXTENTION CABLE,10
800-0214,CAB-USB-15FT-AB,USB CABLE A TO B 15 FEET,10
800-0216,CAB-USB-15FT-EXT-RE,15FT USB EXTENTION CAB,5
800-0217,CAB-USB3-10FT-AA,10FT A TO A USB3.0 CABLE,26
800-0218,CAB-USB3-10FT-A-MICB,10FT USB3 CABLE A TO MICRO B,16
800-0219,CAB-USB3-3FT-AA,3FT A TO A USB3.0 CABLE,3
800-0220,CAB-USB3-3FT-A-MICB,3FT USB3 CABLE A TO MICRO B,5
800-0221,CAB-USB3-6FT-AA,6FT A TO A USB3.0 CABLE,3
800-0222,CAB-USB3-6FT-AB,6FT A TO B USB3.0 CABLE,3
800-0223,CAB-USB-3FT-AA,USB CABLE A TO A 3 FEET,4
800-0224,CAB-USB-3FT-AB,USB CABLE A TO B 3 FEET,15
800-0225,CAB-USB-3FT-A-MICB,3FT USB CABLE A TO MICRO B,189
800-0228,CAB-USB-6FT-AA,6FT A TO A MALE USB CABLE,4
800-0229,CAB-USB-6FT-A-MICB,6FT USB CABLE A TO MICRO B,5
800-0232,CAB-USB-9IN-A-MINIB,9 INCH USB CABLE A TO MINI B,299
800-0234,CAB-USB-IDE-SATA,ENCLOSURE REPLACEMENT,8
800-0235,CAB-VGA-10F,10 FOOT VGA CABLE,5
800-0236,CAB-VGA-50F,50 FOOT VGA CABLE,4
800-0237,CAB-VGA-6F,6 FOOT VGA CABLE,7
800-0238,CAB-VGA-EXTN-10F,10 FOOT VGA EXTENSION CABLE,3
800-0240,CAB-VJ-IMAG3-GY,VOJO IMAGNET LIGHTNING GREY,14
800-0241,CAB-VJ-IMAG3-U,VOJO IMAGNET LIGHTNING BLUE,33
800-0242,CAB-VJ-MAG3-LG,VOJO MAGNET MICRO USB LIME GN,29
800-0243,CAB-VJ-MAG3-OR,VOJO MAGNET MICRO USB ORANGE,34
800-0244,CAB-VJ-MAG3-PK,VOJO MAGNET MICRO USB PINK,36
800-0245,CASM-FX-MTX-350W-BS,FOXCONN 350W MICRO ATX CASE,4
800-0247,CAS-MSI-IN-9390-F,MSI NIGHTHAWK ATX MID TOWER,2
800-0248,CASRM-T8-2U-T8KD19,TAB 8 2U KEYBOARD TRAY,26
800-0249,CAS-TH-1A400M1WN,THERMALTAKE URBAN T21,4
800-0251,CAS-TH-VL80001W2Z,THERMALTAKE V3 BLACK,1
800-0253,CAS-TH-VN400A1W2NB,THERMALTAKE COMMANDER MS-I,2
800-0255,CAS-VTK-365,VIOTEK 365 MID-TOWER,667
800-0256,CAS-VTK-HAPPY-35,VIOTEK HAPPY 35 MID-TOWER,239
800-0257,CAS-VTK-HAPPY-36,VIOTEK HAPPY 36 MID-TOWER,217
800-0258,CC-ER-BK-F8N718-C02,VERVE TAB FOLIO FOR KINDLE PR,11
800-0259,CC-MC-LD-CARRY-CASE,LINK DEPOT MEMORY CARD CASE,7
800-0260,CC-NB-MS-G34-N1XBS19,MSI MESH NETBOOK CASE BLUE,57
800-0261,CC-NB-MS-G34-N1XCS19,MSI MESH NETBOOK CASE PINK,53
800-0262,CC-NB-TG-TSS59504UST,TARGUS TWEED SLIPCASE,9
800-0263,CC-NB-TG-TTL400,TARGUS TL DELUXE CASE,14
800-0264,CC-TAB-BK-F8N724-C01,GRIP SLEEVE FOR KINDLE FIRE PK,2
800-0265,CC-TAB-D2-ACK900A-BK,D2 MICRO USB KB CASE BLACK,30
800-0266,CC-TAB-D2-ACK900A-BL,D2 MICRO USB KB CASE BLUE,6
800-0267,CC-TAB-D2-ACK900A-PK,D2 MICRO USB KB CASE PINK,9
800-0268,CC-TAB-D2-ACK900A-WH,D2 MICRO USB KB CASE WHITE,83
800-0269,CC-TAB-GC-82789-3,IPAD MINI EVA CASE GREEN,1
800-0270,CC-TAB-GC-82791-3,IPAD 2/3/4 EVA CASE GREEN,1
800-0271,CC-TAB-GC-82792-3,IPAD 6 EVA CASE GREEN,1
800-0272,CC-TAB-GS-GC826-BK,GIGASET TABLET FOLIO CASE BLK,3
800-0273,CC-TAB-KBCASE-10,CASE/KEYBOARD FOR 10in TABLETS,9
800-0274,CC-TAB-LP-AC201BK,LEPAN TABLET SLEEVE BLACK,169
800-0275,CC-TAB-LP-AC201GN,LEPAN TABLET SLEEVE GREEN,63
800-0276,CC-TAB-LP-AC201PK,LEPAN TABLET SLEEVE PINK,81
800-0277,CC-TAB-LP-BK-816-BR,LEPAN CASE AND KEYBOARD BROWN,443
800-0278,CC-TAB-LP-BK816BR-OB,LEPAN CASE AND KEYBOARD BROWN,4
800-0279,CC-TAB-LP-BK-816-GR,LEPAN CASE AND KEYBOARD GREEN,237
800-0280,CC-TAB-LP-BK816GR-OB,LEPAN CASE AND KEYBOARD GREEN,4
800-0281,CC-TAB-LP-BK-816-OR,LEPAN CASE AND KEYBOARD ORNG,537
800-0282,CC-TAB-LP-BK816OR-OB,LEPAN CASE AND KEYBOARD ORNG,4
800-0283,CC-TAB-LP-BK-816-PK,LEPAN CASE AND KEYBOARD PINK,447
800-0284,CC-TAB-LP-BK816PK-OB,LEPAN CASE AND KEYBOARD PINK,4
800-0285,CEA-A-IP4-TG-SP,IPHONE4 4S SCREEN PROTECT,11
800-0286,CEA-A-IP5-TG-SP,IPHONE5 5S 5C SCREEN PROTECT,867
800-0287,CEA-A-IP6PL-TG-SP,IPHONE6+TEMPERED GLASS SCREEN,261
800-0288,CEA-A-IP6-TG-SP,IPHONE6 TEMPERED GLASS SCREEN,508
800-0290,CEA-AL-ALCSHR13260,ALCATEL ONE TOUCH FIERCE 2 PUR,1
800-0291,CEA-AL-ALCSHR13261,ALCATEL ONE TOUCH FIERCE 2 PK,1
800-0292,CEA-AP-VTK-IC30BK,VIOTEK ICLIK CAM REMOTE CONTRL,765
800-0293,CEA-GC-82354-WT,EXTERNAL BAT CASE FOR IPHONE6+,91
800-0294,CEA-GC-82355-BK,EXTERNAL BAT CASE FOR IPHONE6+,186
800-0296,CEA-GC-82420-1,GENERIC TPU CASE FOR IPHONE 6,417
800-0297,CEA-GC-82420-2,GENERIC TPU CASE FOR IPHONE 6+,450
800-0298,CEA-GC-82515-2,BLUETOOTH SELFIE STICK BLACK,239
800-0299,CEA-GC-82515-4,BLUETOOTH SELFIE STICK BLUE,227
800-0300,CEA-GC-82529-1,GENERIC TPU CASE FOR IPHONE 6+,93
800-0301,CEA-GC-82529-2,GENERIC TPU CASE FOR IPHONE 6+,72
800-0302,CEA-GC-82529-3,GENERIC TPU CASE FOR IPHONE 6+,90
800-0303,CEA-GC-82529-4,GENERIC TPU CASE FOR IPHONE 6+,92
800-0304,CEA-GC-82529-5,GENERIC TPU CASE FOR IPHONE 6+,46
800-0305,CEA-GC-82535-1,GENERIC TPU CASE FOR IPHONE 6,92
800-0306,CEA-GC-82535-2,GENERIC TPU CASE FOR IPHONE 6,82
800-0307,CEA-GC-82535-3,GENERIC TPU CASE FOR IPHONE 6,95
800-0308,CEA-GC-82535-4,GENERIC TPU CASE FOR IPHONE 6,87
800-0309,CEA-GC-82535-5,GENERIC TPU CASE FOR IPHONE 6,50
800-0310,CEA-GC-82536-1,GENERIC TPU CASE FOR IPHONE 6,49
800-0311,CEA-GC-82536-2,GENERIC TPU CASE FOR IPHONE 6,47
800-0312,CEA-GC-82536-4,GENERIC TPU CASE FOR IPHONE 6,45
800-0313,CEA-GC-82536-5,GENERIC TPU CASE FOR IPHONE 6,98
800-0314,CEA-GC-82536-6,GENERIC TPU CASE FOR IPHONE 6,95
800-0315,CEA-GC-82536-7,GENERIC TPU CASE FOR IPHONE 6,97
800-0316,CEA-GC-82538-1,GENERIC TPU CASE FOR IPHONE 6+,47
800-0317,CEA-GC-82538-2,GENERIC TPU CASE FOR IPHONE 6+,49
800-0318,CEA-GC-82538-4,GENERIC TPU CASE FOR IPHONE 6+,50
800-0319,CEA-GC-82538-5,GENERIC TPU CASE FOR IPHONE 6+,96
800-0320,CEA-GC-82538-6,GENERIC TPU CASE FOR IPHONE 6+,96
800-0321,CEA-GC-82538-7,GENERIC TPU CASE FOR IPHONE 6+,98
800-0322,CEA-GC-83212-3,MAGIC SMART NFC RING 60MM BLK,12
800-0323,CEA-GC-83264-2,PRIVACY FILM FOR IPHONE 6 PLUS,68
800-0324,CEA-GC-83272-2,PRIVACY FILM FOR IPHONE 6,55
800-0325,CEA-GC-83284-2,PRIVACY FILM FOR NOTE 4,59
800-0326,CEA-GC-83291-2,PRIVACY FILM FOR NOTE 3,47
800-0327,CEA-GC-83293-2,PRIVACY FILM FOR GALAXY S5,64
800-0328,CEA-GC-83294-2,PRIVACY FILM FOR IPHONE 5,66
800-0329,CEA-GC-83295-2,PRIVACY FILM FOR GALAXY S3,84
800-0330,CEA-GC-83296-2,PRIVACY FILM FOR GALAXY S4,63
800-0331,CEA-GC-83320,IPHONE 6 SCREEN+DIGITIZER BLK,3
800-0332,CEA-GC-83320-2,IPHONE 6 SCREEN+DIGITIZER WHT,3
800-0334,CEA-GC-83843-1,PHONE HOLDER BLK,32
800-0335,CEA-GC-83843-2,PHONE HOLDER GREY,32
800-0336,CEA-GC-83843-3,PHONE HOLDER PURPLE,46
800-0337,CEA-GC-83843-4,PHONE HOLDER ORANGE,26
800-0338,CEA-GC-83843-5,PHONE HOLDER YELLOW,48
800-0339,CEA-GC-83843-6,PHONE HOLDER LIGHT BLUE,48
800-0340,CEA-GC-HL-1S,HOTLINE 1S,1
800-0341,CEA-QI-82357,QI CHARGER FOR LG G3,21
800-0342,CEA-QI-82358,QI CHARGER FOR GALAXY S5,167
800-0343,CEA-QI-82359,QI CHARGER FOR GALAXY NOTE 4,488
800-0344,CEA-QI-82360,QI CHARGER FOR GALAXY NOTE 3,225
800-0345,CEA-QI-82361,QI CHARGING TRANSMITTER,2
800-0346,CEA-QI-82361-OB,QI CHARGING TRANSMITTER,3
800-0349,CEA-TY-APPCLA11493,TEKYA IPHONE VEHICLE CHARGER,1
800-0351,CEA-VTK-82363-WT,VIOTEK IP-68 CASE FOR IPHONE6+,45
800-0352,CEA-VTK-82364-BK,VIOTEK IP-68 CASE FOR IPHONE6+,43
800-0354,CEA-VTK-82368-BK,VIOTEK IP-68 CASE FOR IPHONE6,42
800-0355,CEA-VTK-82369-BK,VIOTEK IP-68 CASE FOR GALAXYS5,45
800-0356,CEA-VTK-82370-BK,VIOTEK IP-68 CASE FOR NOTE 4,22
800-0357,CEA-VTK-82371-WT,VIOTEK IP-68 CASE FOR IPHONE6+,75
800-0358,CEA-VTK-82375-BK,VIOTEK IP-68 CASE FOR IPHONE6+,63
800-0359,CEA-VTK-82378-WT,VIOTEK IP-68 CASE FOR IPHONE6,80
800-0360,CEA-VTK-82380-BK,VIOTEK IP-68 CASE FOR IPHONE6,56
800-0361,CEA-VTK-83380-19,VIOTEK EYEGUARD FOR NOTE 4,429
800-0362,CEA-VTK-83380-21,VIOTEK EYEGUARD FOR IPHONE 6,423
800-0363,CEA-VTK-83380-22,VIOTEK EYEGUARD FOR IPHONE 6+,425
800-0364,CEA-VTK-83380-4,VIOTEK EYEGUARD FOR IPHONE 5,422
800-0365,CEA-VTK-83380-6,VIOTEK EYEGUARD FOR GALAXY S5,425
800-0366,CEA-VTK-83380-7,VIOTEK EYEGUARD FOR GALAXY S6,429
800-0368,CEL-GC-81633-1-BK,G9006W ANDROID UNLOCKED BLACK,45
800-0370,CEL-GC-81636-1-BK,F-G906 ANDROID UNLOCKED BLACK,39
800-0372,CEL-GC-81638-1-BK,G900W ANDROID UNLOCKED BLACK,13
800-0377,CEL-GC-82803-1-BK,HUAWEI HONOR 6 BLACK,1
800-0378,CEL-GC-82803-2-WH,HUAWEI HONOR 6 WHITE,4
800-0379,CEL-HTC-ADR6400,HTC THUNDERBOLT,1
800-0380,CEL-M-A555,Motorola A555 Devour,1
800-0381,CEL-PALM-P101,Palm Pre Plus Phone,1
800-0383,CNN-BNCM-CRIMP,CRIMP ON BNC MALE CONNECTOR,60
800-0386,CNT-FW-SY-PEX30016,SYBA PCIE 3 PORT FIREWIRE CARD,4
800-0387,CNTL-USB3-DT-EN4732A,DIABLOTEK EN4732A USB3.0 CARD,209
800-0388,CNT-PARA-ST-PEX1P,STARTECH 1PORT PCIEX PARALLEL,8
800-0389,CNT-RAID-SATA-SI3114,SILICON IMAGE 4 PORT SATA RAID,2
800-0390,CNT-SATA-SI-PEX40064,SYBA 4PORT SATAIII PCIe x1,14
800-0391,CNT-USB2-ELE-UB-2105,ELEMENTS 5 PORT USB 2.0 PCI,3
800-0393,CNT-USB3-SY-PEX20122,SYBA 2 PORT USB 3.0 PCIe x1,5
800-0398,CPU-1150-4460R,INTEL SKT 1150 CORE I5-4460,5
800-0402,CPU-1150-G3250R,INTEL SKT 1150 PENTIUM G3250,1
800-0403,CPU-1150-G3258R,INTEL SKT 1150 PENTIUM G3258,2
800-0405,CPU-1155-3220R,INTEL SKT 1155 CORE I3-3220,1
800-0410,CPU-775-PDC-820-P,PD-820 2.80 800MHz 2x2MB SK775,3
800-0411,CPU-AM3-FX-4300BR,AMD AM3+ FX 4300 BLACK EDITION,6
800-0412,CPU-AM3-FX-6300BR,AMD AM3+ FX 6300 BLACK EDITION,4
800-0413,CPU-AM3-FX-8320BR,AMD AM3+ FX 8320 BLACK EDITION,2
800-0414,CPU-AM3-FX-8350BR,AMD AM3+ FX 8350 BLACK EDITION,3
800-0415,CPU-AM3-FX-9370BR,AMD AM3+ FX 9370 BLACK EDITION,2
800-0416,CPU-AM3-FX-9590BR,AMD AM3+ FX 9590 BLACK EDITION,2
800-0417,CPU-AM3-PH2-565BR,AMD AM3 PHENOM2 X2 565 3.4GHz,5
800-0419,CPU-FM2-A10-5800KR,AMD FM2 A10-5800K RETAIL,3
800-0420,CPU-FM2-A10-6800KR,AMD FM2 A10-6800K RETAIL,2
800-0422,CPU-FM2-A4-6300R,AMD FM2 A4 6300 RETAIL,3
800-0424,CPU-FM2-A6-5400KR,AMD FM2 A6 5400K RETAIL,9
800-0425,CPU-FM2-A6-6400KR,AMD FM2 A6-6400K RETAIL,2
800-0430,DVDRWL-PAN-UJ8D2Q-P,PANASONIC UJ8D2Q SATA DVDRW,6
800-0431,DVDRWL-PAN-UJ8E2Q-P,PANASONIC UJ8E2Q SATA DVDRW,1
800-0434,DVDRWL-TSH-TS-T632,TOSHIBA SLIM IDE DVDRW DRIVE,1
800-0437,EN-HDR-XM-EN-3400-BK,X-MEDIA USB TO SATA/IDE ENCLOS,4
800-0438,EN-LHDR-DT-EN2528B,DIABLOTEK 2.5in SATA HDDTO USB,208
800-0439,FAN-CAS-120MM-MOL,120MM CASE FAN 4PIN MOLEX,12
800-0440,FAN-CAS-80MM-MOL,80MM CASE FAN MOLEX CONNECTOR,74
800-0441,FAN-CAS-92MM-3PIN,92MM 3-PIN CASE FAN,45
800-0442,FAN-CAS-ANT-92MM,ANTEC 92MM CASE FAN,4
800-0443,FAN-CAS-ANT-BB200,ANTEC BIG BOY 200 CASE FAN,2
800-0445,FAN-CAS-ANT-TC92MM,ANTEC TRI COOL 92MM CASE FAN,2
800-0446,FAN-CAS-ANT-TQ120,ANTEC TRUE QUIET 120MM FAN,2
800-0447,FAN-CAS-ANT-TQ140,ANTEC TRUE QUIET 140MM FAN,2
800-0448,FAN-CAS-CMR-10AB-GP,COOLER MASTER 140MM BLUE LED,1
800-0449,FAN-CAS-CM-WT-120FBL,120MM BLUE LED CASE FAN,8
800-0450,FAN-CAS-CM-WT-120FGN,120MM GREEN LED CASE FAN,5
800-0452,FAN-CAS-CM-WT-80FBL,80MM BLUE LED CASE FAN,4
800-0453,FAN-CAS-CM-WT-80FGN,80MM GREEN LED CASE FAN,6
800-0454,FAN-CAS-CM-WT-80FRD,80MM RED LED CASE FAN,2
800-0455,FAN-CAS-CS-90515BLED,CORSAIR CO-9050015-BLED AF120,1
800-0456,FAN-CAS-CS-90515PLED,CORSAIR CO-9050015-PLED AF120,2
800-0461,FAN-CAS-THE-AF0025,THERMALTAKE AF0025 LED FAN,416
800-0462,FAN-HDD-2F,FAN-PCI-BLOWERTING COOLER,24
800-0463,FAN-LED-CAS-BLU-80MM,TYPHOON 4 LED FAN 3  PIN,75
800-0465,FAN-SK-1155,SOCKET 1155 CPU HSINK AND FAN,18
800-0466,FAN-SK-754,SKT 754/939/AM2 A64 FAN,93
800-0474,FDDE-WT-USB-EX144,EXTERNAL USB 1.44MB FLOPPY,5
800-0475,FN-MSPD-BEL-089-BK,BELKIN FABRIC MOUSE PAD BLACK,5
800-0477,FN-MSPD-RZ-01070700,RAZER GOLIATHUS 2014 MOUSE MAT,4
800-0480,HE-AC-GC-83700-2,MULTI VOLTAGE/PLUG CONVERTER,95
800-0481,HE-CHRG-D2-4400F-BL,D2 DP-4400F_BL PORT CHARGER,21
800-0482,HE-CHRG-D2-4400F-MG,D2 DP-4400F_MG PORT CHARGER,78
800-0483,HE-CHRG-D2-4400F-MP,D2 DP-4400F_MP PORT CHARGER,70
800-0484,HE-CHRG-D2-4400F-MS,D2 DP-4400F_MS PORT CHARGER,67
800-0485,HE-CHRG-D2-4400F-PK,D2 DP-4400F_PK PORT CHARGER,43
800-0486,HE-CHRG-D2-4400F-PL,D2 DP-4400F_PL PORT CHARGER,24
800-0487,HE-CHRG-D2-4400F-RD,D2 DP-4400F_RD PORT CHARGER,126
800-0488,HE-CHRG-D2-4400F-WH,D2 DP-4400F_WH PORT CHARGER,33
800-0489,HE-CHRG-D2-44F-RD-OB,D2 DP-4400F_RD PORT CHARGER,29
800-0490,HE-CHRG-DT-U8800B-BK,DIABLOTEK PORTABLE USB BATTERY,69
800-0491,HE-CHRG-DT-U8800B-WH,DIABLOTEK PORTABLE USB BATTERY,114
800-0492,HE-CHRG-IN-08522,INLAND IPOD/IPHONE CHARGE KIT,1
800-0493,HE-CHRG-PQ-3300MAH,PQI 3300mAh POWER BANK,15
800-0496,HE-CHRG-VJ-1MIN-GN,VOJO ONEMINI 2800MAH GREEN,16
800-0497,HE-CHRG-VJ-1MIN-PK,VOJO ONEMINI 2800MAH PINK,1
800-0500,HE-CHRG-VJ-1MIN-YEL,VOJO ONEMINI 2800MAH YELLOW,18
800-0501,HE-DC-GC-82025,2PC CAMERA ACCESSORY COMBO,11
800-0502,HE-DC-GC-82027,3PC CAMERA ACCESSORY COMBO,1
800-0503,HE-DC-GC-82028,12PC CAMERA ACCESSORY COMBO,58
800-0504,HE-DC-GC-82029,4PC CAMERA ACCESSORY COMBO,5
800-0505,HE-DC-GC-82030,6PC CAMERA ACCESSORY COMBO,35
800-0506,HE-DC-GC-84308,MOBIUS SPORT CAMERA,13
800-0507,HE-DC-GC-84578,SJ5000 WATERPROOF SPORTS CAM,41
800-0516,HE-DMP-BT-M100,BAYTREK MEEBOSS M100 PLAYER,3
800-0517,HE-DMP-BT-M100-OB,BAYTREK MEEBOSS M100 PLAYER,1
800-0518,HE-DMP-GC-82496,ANDROID TV BOX MX,8
800-0519,HE-DMP-GC-82497,ANDROID 4K TT TV BOX M8,16
800-0521,HE-EB-BD-81848-1-RD,BLUEDIO BLUETOOTH EARBUDS RED,28
800-0522,HE-EB-BD-81848-2-U,BLUEDIO BLUETOOTH EARBUDS BLU,32
800-0523,HE-EB-BD-81848-3-BK,BLUEDIO BLUETOOTH EARBUDS BLK,55
800-0524,HE-EB-BD-81848-4-WH,BLUEDIO BLUETOOTH EARBUDS WHT,47
800-0525,HE-EB-GC-81707-1-RD,BLUETOOTH EARBUDS RED,43
800-0526,HE-EB-GC-81707-6-PK,BLUETOOTH EARBUDS PINK,44
800-0527,HE-EB-GC-81707-7-WH,BLUETOOTH EARBUDS WHITE,19
800-0528,HE-EB-GC-81707-9-U,BLUETOOTH EARBUDS BLUE,65
800-0530,HE-EB-PL-200203-01-F,PLANTRONICS BACKBEAT GO 2,9
800-0535,HE-EB-PL-88600-01-F,PLANTRONICS BACKBEAT GO 2 BLK,2
800-0537,HE-EB-PL-89800-01,PLANTRONICS BACKBEAT GO 2 WHT,1
800-0538,HE-EB-PL-89800-01-OB,PLANTRONICS BACKBEAT GO 2 WHT,11
800-0539,HE-EB-QCY-82756-1-BG,QCY BLUETOOTH EARBUD BLK/GRN,354
800-0540,HE-EB-VJ-RAB-GRN,VOJO RABBIT EARBUD SLEEVE GRN,6
800-0542,HE-EB-VJ-RAB-OR,VOJO RABBIT EARBUD SLEEVE ORG,3
800-0543,HE-EB-VJ-RAB-PK,VOJO RABBIT EARBUD SLEEVE PNK,7
800-0544,HE-EB-VJ-RAB-PUR,VOJO RABBIT EARBUD SLEEVE PUR,1
800-0545,HE-EB-VJ-RAB-RED,VOJO RABBIT EARBUD SLEEVE RED,7
800-0547,HE-EB-VJ-RAB-YEL,VOJO RABBIT EARBUD SLEEVE YEL,8
800-0548,HE-EB-VTK-81740-10,VIOTEK WIRELESS EARBUDS BLUE,241
800-0549,HE-EB-VTK-81740-6,VIOTEK WIRELESS EARBUDS BLK,105
800-0550,HE-EB-VTK-81740-7,VIOTEK WIRELESS EARBUDS GOLD,164
800-0551,HE-EB-VTK-81740-8,VIOTEK WIRELESS EARBUDS RED,145
800-0552,HE-GC-IP-83811,IPEGA BLUETOOTH GAME CONTROLLE,2
800-0555,HE-HP-BD-81723-1-RD,BLUEDIO CORDLSS HEADPHONES RD,17
800-0557,HE-HP-BD-81723-3-BK,BLUEDIO CORDLSS HEADPHONES BK,62
800-0559,HE-HPM-CA-AC8000,CYBER ACOUSTICS KIDS HEADSET,3
800-0560,HE-HPM-CL-70GH0150,CREATIVE TACTIC3D SIGMA,105
800-0563,HE-HPM-PL-AUD655USB,PLANTRONICS AUDIO 655 HEADSET,2
800-0566,HE-HPM-VTK-R-849MV,VIOTEK ANALOG HEADSET W/ MIC,809
800-0567,HE-HPM-VTK-VT849U,VIOTEK USB HEADSET W/ MIC,700
800-0568,HE-HPM-VTK-VT849U-OB,VIOTEK USB HEADSET W/ MIC,1
800-0569,HE-HP-VTK-VT849,VIOTEK ANALOG HEADPHONE W/MIC,770
800-0570,HE-HP-VTK-VT849-OB,VIOTEK ANALOG HEADPHONE W/MIC,1
800-0572,HE-NL-GC-83472,MUSHROOM NIGHT LIGHT,161
800-0573,HE-PJ-DE-1430X-F,DELL 1430X 3D PROJECTOR,1
800-0575,HE-SW-83315-1,38MM SCREEN PROTECTOR,431
800-0576,HE-SW-83315-2,42MM SCREEN PROTECTOR,393
800-0577,HE-SW-83548-5,42MM REPLACEMENT WATCH BAND,40
800-0580,HE-VGC-XB36-HOP-150,XBOX 360 HOP-150 LASER LENS,2
800-0583,HG-AA-DRIN007S-GRN,ARTIART SPILL FREE MUG GREEN,2
800-0584,HG-AA-DRIN007S-O,ARTIART NUTRI AQUABOTTLE ORNG,3
800-0589,HG-DU-DUAP02,DUUX AIR PURIFIER,183
800-0591,HG-GC-83993-2,12 LACE CAKE BORDER PINK,18
800-0592,HG-GC-83993-3,12 LACE CAKE BORDER PURPLE,6
800-0593,HG-GC-83993-4,12 LACE CAKE BORDER RED,44
800-0595,HL-80-SG-ST980210A,SEAGATE 80GB 5400RPM 8MB IDE,2
800-0599,HR-1TB-SG-1000DM003,SEAGATE SATA 1TB 7200RPM 64MB,21
800-0600,HR-1TB-SG-1000DX001,SEAGATE ST1000DX001 1TB SATA3,1
800-0602,HR-1TB-WD-10EZRX,WESTERN DIGITAL 1TB,4
800-0603,HR-2TB-SG-2000DM001,ST2000DM001 2TB 7200RPM 64MB,10
800-0604,HR-2TB-WD-20EZRX,WESTERN DIGITAL WD20EZRX 2TB,4
800-0605,HR-320-SG-ST332311CS,SEAGATE ST3320311CS 320GB 5900,8
800-0607,HR-3TB-SG-ST300DM001,SEAGATE SATA 3TB 7200RPM 64MB,19
800-0608,HR-3TB-WD-30EZRX,WESTERN DIGITAL 3TB,1
800-0610,HR-4TB-SG-ST400DM000,SEAGATE ST4000DM000 4TB SATA,10
800-0611,HR-500-SG-350414CS-P,SEAGATE ST3500414CS 500GB SATA,22
800-0612,HR-500-SG-ST500DM002,SEAGATE ST500DM002 7200RPM 16M,25
800-0614,HRL-160-WD-BEKX-F,WD WD1600BEKX 160GB 7200RPM,5
800-0616,HRL-1TB-WD-JPVX,WD10JPVX 1TB 5400RPM 8MB,1
800-0619,HRL-750-WD-BPKX,WD WD7500BPKX 7200RPM 16MB,1
800-0622,HS-1TB-SS-MZ-75E1T0B,SAMSUNG 1TB MZ-75E1T0B SSD,5
800-0624,HS-240-MU-MKNSSDCRD7,MUSHKIN CRONOS 240GB 7MM SSD,1
800-0625,HS-250-SS-MZ-75E250B,SAMSUNG 250G MZ-75E250B SSD,236
800-0627,HS-256-SS-MZ-7KE256B,SAMSUNG 256GB 850 PRO SSD,54
800-0632,HS-500-SS-MZ-75E500B,SAMSUNG 500G MZ-75E500B SSD,28
800-0635,HS-512-SS-MZ-7KE512B,SAMSUNG 512GB 850 PRO SSD,7
800-0636,HW-FEET-ST-RFEET,1 1/4in ADHESIVE RUBBER FEET,1
800-0637,HW-JMPR-GEN-3PK,3 PACK OF GENERIC JUMPERS,70
800-0638,HW-SCRW-LD-TS-BLU-AL,LINK DEPOT BLUE ALUMINUM SCREW,2
800-0639,HW-SCRW-ST-M314-50PK,STARTECH M3x1/4IN SCREWS,3
800-0640,HW-SOFF-ST-NUTM-50PK,METAL #6-32 JACKSCREW STANDOFF,2
800-0643,KB-COM-MS-5MH-023,MICROSOFT WIRED DESKTOP 400,3
800-0645,KB-COM-VTK-TWILIGHT,TWILIGHT KEYBOARD MOUSE KIT,466
800-0655,KB-USB-LOG-G19S,LOGITECH G19S GAMING KEYBOARD,80
800-0656,KB-USB-MS-3TJ-00001,MICROSOFT COMFORT CURVE 3000,1
800-0659,KB-USB-VTK-TWILIGHT,VIOTEK TWILIGHT GAMING KB,1
800-0660,KB-USB-VTK-TWILIT-OB,VIOTEK TWILIGHT GAMING KB,1
800-0662,KB-WLS-AZ-KB506W,AZIO LARGE FONT KEYBOARD,8
800-0663,KB-WLS-VTK-HWKPCK,VIOTEK 2.4GHz WLS KB & MOUSE,594
800-0664,KB-WLS-VTK-HWKPCK-OB,VIOTEK 2.4GHz WLS KB & MOUSE,26
800-0665,KVM-IO-2PC-GCS22U,IOGEAR 2-PORT USB KVM,2
800-0667,KVM-WT-KS302,GENERIC PS/2 KVM 2 PORT SWITCH,3
800-0669,MB-1150-AS-Q87M-ECSM,ASUS SKT 1150 Q87M-E/CSM,1
800-0673,MB-1150-GA-H97M-D3H,GIGABYTE SKT 1150 H97M-D3H,4
800-0680,MB-1155-AS-P8H67-MP3,ASUS SKT 1155 P8H67-M PRO REV3,1
800-0684,MB-1155-ASR-H61ICAFE,ASROCK H61ICAFE SKT 1155,1
800-0686,MB-1155-ASR-H61M-GS,ASROCK H61M-GS SKT 1155,2
800-0687,MB-1155-ASR-H61M-S,ASROCK H61M-S SKT 1155,1
800-0688,MB-1155-ASR-H67M-GE,ASROCK H67M-GE SKT 1155,2
800-0691,MB-1155-MS-H61M-P20,MSI SKT 1155 H61M-P20 (G3),25
800-0697,MB-478-ASR-P4I945GC,ASROCK P4I945GC SKT 478,44
800-0698,MB-754-ASR-K8A780LM,ASROCK K8A780LM SKT 754,12
800-0699,MB-754-ASR-K8NF3-VST,ASROCK K8NF3-VSTA SKT 754,309
800-0700,MB-754-ASR-K8UPNF,ASROCK K8UPGRADE NF3,1
800-0701,MB-939-ASR-939A785GH,ASROCK 939A785GMH SKT 939,4
800-0702,MB-939-ASR-939A790GH,ASROCK 939A790GMH SKT 939,26
800-0703,MB-A-ASR-K7S41GX,ASROCK K7S41GX  SKT A MB,21
800-0704,MB-A-ASR-K7S41GX2,ASROCK K7S41GX2  SKT A MB,36
800-0708,MB-AM3-AS-M4N68T,ASUS AM3 M4N68T,6
800-0712,MB-AM3-ASR-760GM-GS3,ASROCK 760GM-GS3,25
800-0713,MB-AM3-ASR-770EXT3,ASROCK 770 EXTREME3,10
800-0714,MB-AM3-ASR-785G-PR,ASROCK 785G PRO SKT AM3,8
800-0716,MB-AM3-ASR-870ICAFE,ASROCK 870ICAFE SKT AM3,38
800-0717,MB-AM3-ASR-880GEXT3,ASROCK 880G EXTREME3 SKT AM3,12
800-0719,MB-AM3-ASR-880G-PR3,ASROCK 880G PRO3 SKT AM3,2
800-0720,MB-AM3-ASR-880GXH-U3,ASROCK 880GXH/USB3 AM3/AM2+,1
800-0721,MB-AM3-ASR-88GMSC128,ASROCK 880GM-SC/128M AM3/AM2+,12
800-0722,MB-AM3-ASR-890GMH-U3,ASROCK 890GMH/USB3 AM3/AM2+,10
800-0724,MB-AM3-ASR-890GXEXT3,ASROCK 890GX EXTREME3,10
800-0725,MB-AM3-ASR-890GXEXT4,ASROCK 890GX EXTREME4,6
800-0726,MB-AM3-ASR-890GX-PR3,ASROCK 890GX PRO3 SKT AM3,42
800-0727,MB-AM3-ASR-89GXEX4R2,ASROCK 890GX EXTREME4 R2,51
800-0729,MB-AM3-ASR-A780GMH12,ASROCK M3A780GMH/128M AM3/AM2+,11
800-0732,MB-AM3-ASR-M378GLE12,ASROCK M3A785GM-LE/128M,3
800-0733,MB-AM3-ASR-M3A760GMH,ASROCK M3A760GMH SKT AM3,1
800-0734,MB-AM3-ASR-M3A770DE,ASROCK M3A770DE,8
800-0736,MB-AM3-ASR-M3N78D,ASROCK M3N78D AM3,68
800-0739,MB-AM3-ASR-N68VS3-UC,ASROCK N68-VS3 UCC AM3/AM2+,48
800-0741,MB-AM3-GA-78LMT-USB3,GIGABYTE AM3+ 78LMT-USB3,49
800-0745,MB-AM3-MS-GF615M-P31,MSI SKT AM3 GF615M-P31,1
800-0747,MB-COMB-ASR-W13D6R2,MOBOCOMBO WOLFDALE1333-D667 R2,35
800-0748,MB-COMB-MS-P67A-GD65,MOBO COMBO P67A-GD65(B3),16
800-0749,MB-FM1-AS-F1A55,ASUS SKT FM1 F1A55,1
800-0750,MB-FM1-ASR-A55-PRO,ASROCK A55 PRO SKT FM1,2
800-0751,MB-FM1-ASR-A75M,ASROCK A75M SKT FM1,26
800-0753,MB-FM1-ASR-A75-PR4,ASROCK A75 PRO4 SKT FM1,11
800-0755,MB-FM1-MS-A55M-P33-F,MSI SKT FM1 A55M-P33 REFURB,134
800-0757,MB-FM2-AS-A88XM-E,ASUS SKT FM2 A88XM-E mATX,6
800-0762,MB-ITX-AS-AT3IONT-I,ASUS AT3IONT-I W/ ATOM 330,1
800-0764,MB-ITX-AS-AT5NM10-I,ASUS AT5NM10-I MINI-ITX,11
800-0766,MB-ITX-ASR-AD2700ITX,ASROCK AD2700-ITX W/ATOM D2700,1
800-0768,MB-ITX-ASR-AD425PV3,ASROCK AD425PV3 W/ATOM D425,6
800-0770,MB-ITX-ASR-AD525PV,ASROCK AD525PV W/ATOM D525,7
800-0771,MB-ITX-ASR-PV530,ASROCK PV530 uATX W/ VIA PV530,5
800-0774,MED-CDR-52X-S,BLANK 52X 700MB SINGLE DIS CDR,3
800-0775,MED-DVD-R-16X,BLANK 16X DVD-R SINGLE DISK,2
800-0776,MED-MSD-WT-MUSDCK4G,WINTEC 4GB CARD-IT-ALL,1
800-0777,MED-SD-8G-CE-S1SDHC4,CENTON 8GB SDHC FLASH CARD,6
800-0780,MED-TB-16G-AD-C008RK,ADATA AC008-16G-RKD FLASH DRV,9
800-0782,MED-TB-16G-MU-NUFDAM,MUSHKIN ATOM 16GB,4
800-0784,MED-TB-16G-MU-NUFDVS,MUSHKIN VENTURA PLUS 16GB,5
800-0786,MED-TB-32G-AD-AUV128,ADATA AUV128-32G-RBY FLASH DRV,36
800-0788,MED-TB-32G-MU-NUFDPR,MUSHKIN PROSPECTOR 32GB,4
800-0789,MED-TB-32G-MU-NUFDVS,MUSHKIN VENTURA PLUS 32GB,3
800-0792,MED-TB-8G-MU-NUFDAM,MUSHKIN ATOM 8GB,2
800-0793,MED-TB-8G-MU-NUFDPR,MUSHKIN PROSPECTOR 8GB,9
800-0795,MFP-CM-2P-USB3,GENERIC 2PORT USB3.0 FRNT PNL,7
800-0796,MIS-3BSHIRT-2X-B,3B-TECH T-SHIRT XXL BLACK,14
800-0797,MIS-3BSHIRT-3X-B,3B-TECH T-SHIRT XXXL BLACK,6
800-0798,MIS-3BSHIRT-L-B,3B-TECH T-SHIRT LARGE BLACK,13
800-0799,MIS-3BSHIRT-M-B,3B-TECH T-SHIRT MEDIUM BLACK,9
800-0800,MIS-3BSHIRT-S-B,3B-TECH T-SHIRT SMALL BLACK,10
800-0801,MIS-3BSHIRT-XL-B,3B-TECH T-SHIRT XL BLACK,19
800-0803,MIS-AD-BY-FDD-KIT,3.5 FLOPPY DRIVE ADAPTER KIT,2
800-0805,MIS-AD-PRU-HDB02B,DUAL 2.5in TO 3.5in HDD ADAPTE,13
800-0807,MIS-AS-CUBE-REM,ASUS CUBE REMOTE,3
800-0808,MIS-DC-83998-1,BLUE CAMO SMALL PET COLLAR,118
800-0809,MIS-DC-83998-13,YELLOW CAMO MEDIUM PET COLLAR,114
800-0810,MIS-DC-83998-14,GREY CAMO MEDIUM PET COLLAR,15
800-0811,MIS-DC-83998-15,PINK CAMO MEDIUM PET COLLAR,16
800-0812,MIS-DC-83998-17,BLUE CAMO LARGE PET COLLAR,118
800-0813,MIS-DC-83998-21,YELLOW CAMO LARGE PET COLLAR,120
800-0814,MIS-DC-83998-22,GREY CAMO LARGE PET COLLAR,18
800-0815,MIS-DC-83998-23,PINK CAMO LARGE PET COLLAR,19
800-0816,MIS-DC-83998-25,BLUE CAMO X-LARGE PET COLLAR,117
800-0817,MIS-DC-83998-29,YELLOW CAMO X-LARGE PET COLLAR,120
800-0818,MIS-DC-83998-30,GREY CAMO X-LARGE PET COLLAR,18
800-0819,MIS-DC-83998-31,PINK CAMO X-LARGE PET COLLAR,18
800-0820,MIS-DC-83998-5,YELLOW CAMO SMALL PET COLLAR,114
800-0821,MIS-DC-83998-6,GREY CAMO SMALL PET COLLAR,11
800-0822,MIS-DC-83998-7,PINK CAMO SMALL PET COLLAR,6
800-0823,MIS-DC-83998-9,BLUE CAMO MEDIUM PET COLLAR,111
800-0826,MIS-GEN-LED-83953,5M FLEXIBLE LED LIGHT STRIP,794
800-0827,MIS-GEN-SB-82341,L12S OLED TOUCH SMART BRACELET,65
800-0828,MIS-GEN-SW-82343,SCREEN PROTECTOR FOR MOTO 360,18
800-0829,MIS-IPH-BCK-A1332-BK,iPHONE 4 BACK GLASS FOR ATT,15
800-0830,MIS-IPH-BCK-A1387-BK,iPHONE 4S REPLACEMNT BACK GLAS,14
800-0831,MIS-IPH-SCREN-4AT-WT,iPHONE 4 REPLACEMENT SCREEN,5
800-0832,MIS-LP-AC502,AC502 MATTE SCREEN PROTECTOR,777
800-0833,MIS-T8-T8WM-HC1-B,TAB 8 D-RING WIRE MANAGER COV,445
800-0834,MIS-T8-T8WM-HR2-B,TAB 8 HORIZ REAR WIRE MANAGER,67
800-0835,MIS-THE-BTX-UPKIT,THERMALTAKE BTX UPGRADE KIT,109
800-0836,MIS-THE-CLW0202,THERMALTAKE M-CONNECTOR,401
800-0839,MIS-THERM-PACK-2G,2 GRAM PACKET THERMAL GREASE,103
800-0840,MIS-THERM-TH-1G,THERMALTAKE 1GRAM TUBE,85
800-0841,MIS-THERM-VIO-TUBE,VIO 1.5G THERMAL GREASE TUBE,32
800-0842,MIS-THE-THINWINGS,THERMALTAKE CHIP COOLER,12
800-0843,MIS-TI-TTN-ST01,TITAN KEYBOARD PROTECTOR,10
800-0844,MIS-USB-HEADER-1PORT,1 PORT USB HEADER BRACKET,11
800-0845,MOD-PRU-PWI-FAX,PRUDENT WAY USB2.0 MODEM,3
800-0846,MOD-TRN-USB-TFM-561U,TRENDNET 56K HIGH SPEED USB,1
800-0847,MS-OPS2-GEN-SC-B,PS2 OPTICAL w/SCROLL - BLACK,92
800-0851,MS-OUSB-GEN-B,USB OPTICAL w/SCRL BLK,143
800-0854,MS-OUSB-LOG-G502,LOGITECH G502 PROTEUS CORE,1
800-0856,MS-OUSB-LOG-G600,LOGITECH G600 MMO GAMING MOUSE,242
800-0860,MS-OUSB-VTK-LIGHT-V2,VIOTEK LIGHTNING USB MOUSE,1
800-0862,MS-OUW-MS-ZJA-002,MICROSOFT ARC MOUSE,1
800-0865,MS-OUW-VTK-MEIST-BK,VIOTEK MEISTER 2.4GHz WLS,886
800-0866,MS-OUW-VTK-MEIST-OB,VIOTEK MEISTER 2.4GHz WLS,8
800-0867,MS-OUW-VTK-MEIST-OEM,VIOTEK MEISTER 2.4GHZ OEM,18
800-0873,MTL-AC-G237HL,ACER G237HL WIDE SCREEN LCD,15
800-0874,MTL-AC-G246HY,ACER G246HY WIDE SCREEN LCD,24
800-0876,MTL-AC-S241HL,24in ACER S241HL LCD,8
800-0881,MTL-DE-E1914H-OB,DELL E1914H 18.5 LED,5
800-0882,MTL-DE-E2414H,DELL E2414H 24in LED LCD,922
800-0884,MTL-DE-P2414H,DELL P2414H 23.8in LED LCD,240
800-0891,MTL-DE-UP3214QT-F,DELL UP3214Q 31.5in LED LCD,1
800-0892,MTL-HY-G70TR-F,HYUNDAI TOUCH SCREEN G70TR 17,16
800-0893,MTL-HY-G73TR-F,HYUNDAI TOUCH SCREEN G73TR 17,13
800-0894,MTL-HY-G90TR-F,HYUNDAI TOUCH SCREEN G90TR19,13
800-0895,MTL-HY-K93W,HYUNDAI K93W 19 LCD RETAIL,2
800-0896,MTL-HY-K93W-F,HYUNDAI K93W 19 LCD,1
800-0897,MTL-HY-L70A-F,HYUNDAI IMAGEQUEST L70A 17,5
800-0898,MTL-HY-L70B-F,HYUNDAI IMAGEQUEST L70B 17,8
800-0899,MTL-HY-L71S-F,HYUNDAI IMAGEQUEST L71S 17,2
800-0901,MTL-HY-LM1510A-F,HYUNDAI IMAGEQUEST LM1510A 15,1
800-0902,MTL-HY-Q17B-F,HYUNDAI IMAGEQUEST Q17B 17,2
800-0905,MTL-HY-X226W-OB,HYUNDAI X226W 21.5 LCD RETAIL,1
800-0906,MTL-HY-X90W,HYUNDAI X90W 19 RETAIL,4
800-0911,MTL-LG-27MP34HQ-B,LG 27MP34HQ-B 27 LCD,12
800-0913,MTL-LG-M1710ABM-F,LG M1710A-BM 17LCD,1
800-0914,MTL-LG-M2362DP-EM-OB,LG M2362DP-EM 23 LCD TV,5
800-0915,MTL-LG-M2900S-BN-F,LG M2900S-BN STRETCH SCREEN,1
800-0916,MTL-LG-M3202C-BA-F,LG M3202C-BA WIDE SCREEN LCD,4
800-0917,MTL-LG-M3203C-BA-F,LG M3203C-BA WIDE SCREEN LCD,4
800-0918,MTL-LG-M3203CC-BA-F,LG M3203CC-BA WIDE SCREEN LCD,3
800-0919,MTL-LG-M3800S-BN-F,LG M3800S-BN STRETCH SCREEN,1
800-0920,MTL-LG-N1742LP-BF-F,17in  N1742LP-BF LCD MONITOR,2
800-0921,MTL-LG-N1910LZ-BF-F,LG N1910LZ-BF 18.5 LCD,10
800-0922,MTL-LG-W1942TEBF-NSF,LG W1942TE-BF W/OUT STAND,2
800-0926,MTL-V7-D19W12-N6,V7 D19W12-N6 19 LCD RETAIL,12
800-0928,ND-IO-SI-PEX24038,IOCREST PCIe GIGABIT CARD,3
800-0933,ND-WN-TP-TL-WN781ND,TP-LINK WN781ND 802.11N PCIE,2
800-0934,ND-WN-TP-TL-WN851N,TP-LINK WN851ND 802.11N PCI,3
800-0936,NET-ADSL-NET-DL4201,NETIS ADSL2+ MODEM,10
800-0938,NET-ADSL-TP-8816-OB,TP-LINK ADSL2+ MODEM ROUTER,1
800-0940,NET-ADSL-TP-W8960N,TP-LINK ADSL2+ MODEM WRLS,1
800-0941,NET-APWN-PQ-6W410R02,PQI 6W41-0000R2002 WIFI AIRPEN,39
800-0945,NET-CAM-GC-81629,WIFI SMOKE DETECTOR CAM,271
800-0946,NET-CAM-GC-81703,WIRELESS PTZ NETWORK CAMERA,13
800-0948,NET-ENCL-AK-CLOUDHYB,AKITIO CLOUD HYBRID,1
800-0949,NET-POE-TP-POE10R,TP LINK POE10R PoE SPLITTER,5
800-0950,NET-POE-TP-POE200,TP LINK POE200 PoE ADAPTER KIT,2
800-0951,NET-PRS-TP-PS110P,TP-LINK PARALLEL PRINT SERVER,1
800-0954,NET-PRU-PWI-USB-LAN,PRUDENT WAY USB2.0 TO 10/100,1
800-0956,NET-SWG-TP-SG1005D,TP-LINK 5PT GIGABIT SWITCH,1
800-0957,NICL-WN-LIN-WPC600N,LINKSYS 802.11n WPC600N-RM,538
800-0959,NICM-WN-IN-7260HMWNB,INTEL 7260 MINI PCIe 802.11N,2
800-0960,NL-GF-EE102DLX,GIGAFAST 10/100 PCMCIA ADAPTER,61
800-0963,NRN-ADSL-AT-GT784WN,ACTIONTEC 802.11N ADSL MODEM,4
800-0964,NRN-LI-E1200-CA,LINKSYS E1200 802.11N,51
800-0965,NRN-LI-E1200-CA-OB,LINKSYS E1200 802.11N,1
800-0966,NRN-LI-EA3500-NP,LINKSYS EA3500 802.11N,2
800-0967,NRN-TP-TL-WDR4300,TP-LINK TL-WDR4300  802.11N,5
800-0969,NRN-TP-TL-WR700N,TP-LINK TL-WR700N 802.11N MINI,5
800-0970,NRN-TP-TL-WR702N,TP-LINK TL-WR702N 802.11N NANO,5
800-0971,NRN-TP-TL-WR840N,TP-LINK TL-WR840N  802.11N,3
800-0975,NT-ANT-EXT-1.1M,EXTERNAL WIFI ANTENNA,1
800-0979,NT-ANT-TL-ANT2414A,TP LINK DIRECTIONAL ANT,3
800-0980,NT-ANT-TL-ANT2414B,TP LINK DIRECTIONAL ANT,1
800-0981,NT-ANT-TL-ANT2424B,TP LINK PARABOLIC ANTENNA,7
800-0984,NT-HUB-LI-EF2H16,LINKSYS EF2H16 16PT 10/100 HUB,2
800-0985,NT-PWL-BEL-F5D4077,BELKIN POWERLINE INTERNET ADPT,2
800-0986,NT-REXN-HA-HWREN2-OB,HAWKING HWREN25 EXTENDER,1
800-0988,NT-SW-GF-EZ520-S,GIGAFAST 5-PORT NETWORK SWITCH,988
800-0989,NT-SW-GF-EZ820-S,GIGAFAST 8-PORT NETWORK SWITCH,596
800-0993,NU-WN-TP-WDN4200,TP-LINK WDN4200 802.11N USB,1
800-0996,NU-WN-TP-WN822N,TP-LINK WN822N 802.11N MINIUSB,1
800-0997,PB-SYS-3B-IN-G2030,3B Custom System,1
800-1018,PD-HP-E80-84-4-160,HP ELITE 8000 SFF,4
800-1021,PD-LEN-0967A9U-OB,LENOVO THINKCENTRE M72E 0967,1
800-1024,PL-DE-17HI7161T-F,DELL 17H-I7-16-1-T LAPTOP,1
800-1025,PL-DE-I15MT-3904SL-F,DELL I15RMT-3904SLV LAPTOP,1
800-1035,PL-DE-I3542-8333K-F,DELL I3542-8333BK LAPTOP,1
800-1038,PL-DE-I5447-8751SL-F,DELL I5447-8751SLV LAPTOP,1
800-1044,PL-DE-I5547-1250SL-F,DELL I5547-12500SLV LAPTOP,1
800-1053,PL-DE-I5749-1111SL-F,DELL I5749-1111SLV LAPTOP,3
800-1059,PL-DE-XPS11-9231CF-F,DELL XPS 11 XPS11-9231CFB,3
800-1060,PL-DE-XPS15-4737SL-F,DELL INSIPRON XPS15-4737SLV,1
800-1062,PL-DE-XPSU12-4672C-F,DELL XPS 12 XPSU12-4672CR,4
800-1067,PL-HP-E8C34UA-F,HP SPLIT 13-G110DX X2,2
800-1072,PL-HP-EB84-4-320,HP ELITEBOOK 8440P,13
800-1075,PL-HP-G4X63UA-F,HP PAVILION 17-E118DX,7
800-1078,PL-HP-G9D77UA-F,HP TOUCHSMART 15-R052NR,1
800-1081,PL-LEN-59442503,LENOVO IDEAPAD B50-45,2
800-1085,PL-TSH-C55D-A5348-OB,TOSHIBA SATELLITE C55DT-A5348,2
800-1088,PL-TSH-Z10T-A1111-F,TOSHIBA PORTEGE Z10T-A1111,1
800-1089,PS-CM-450W-24PIN-OB,CHIEFMAX 450W 20/24PIN VER 2,1
800-1094,PSM-CM-450W-24PIN,CHIEFMAX 450W uATX 24/20PIN PS,383
800-1095,PS-VTK-450W-24PIN-OB,VIOTEK 450W 20/24PIN ATX VER 2,1
800-1097,PS-VTK-550W-24P-V2,VIOTEK 550W 20/24PIN ATX VER 2,1
800-1098,PS-VTK-850W-24PIN-OB,VIOTEK 850W ATX PS W/24/20 PIN,2
800-1100,PT-CAN-MF227DW,CANON B&W LASER MULTIFUNCTION,1
800-1102,PT-CAN-MG5520,CANON MG5520 AIO INKJET,694
800-1105,PT-HP-7110,HP WIDE FORMAT OFFICEJET 7110,10
800-1106,PT-HP-A7F65A,HP OFFICEJET 8620 AIO PRINTER,2
800-1109,PT-HP-B3Q11A,HP LASERJET PRO MFP M277DW,1
800-1110,PT-HP-C5X25A,HP DESKJET 1513,1
800-1113,PT-HP-CE461A-OB,HP LASERJET P2035,3
800-1118,PT-HP-CE991A-F,HP LASERJET ENTERPRISE M602N,3
800-1123,PT-HP-CF456A,HP LASERJET PRO M201DW,325
800-1131,PT-HP-P1102W,HP LASERJET PRO P11022W,51
800-1134,RAMD-D2-6400-1G-P,MAJOR BRAND 6400 (800) 1GB,1
800-1136,RAMD-D2-CR-6400-1G,CRUCIAL 6400 (800) 1GB DDR2,10
800-1137,RAMD-D2-MU-5300-2G,MUSHKIN PC5300 (667MHZ) 2GB,9
800-1138,RAMD-D2-MU-6400-1G,MUSHKIN PC6400 (800) 1GB DIMM,3
800-1139,RAMD-D2-MU-6400-2G,MUSHKIN PC6400 (800) 2GB DIMM,4
800-1142,RAMD-D3-MU-10600-8G,MUSHKIN PC10600 8GB DDR3,21
800-1143,RAMD-D3-MU-1060-16GK,MUSHKIN PC10600 16GB KIT DDR3,2
800-1144,RAMD-D3-MU-10666-4G,MUSHKIN PC10666 4GB DDR3,44
800-1145,RAMD-D3-MU-8500-4G,MUSHKIN PC8500 (1066MHZ) 4GB,2
800-1146,RAMD-D3-MU-B1280-4G,MUSHKIN BLACKLINE 12800 4GB,12
800-1147,RAMD-D3-MU-B1700-16K,MUSHKIN BLACKLINE 17000 16 KIT,3
800-1149,RAMD-D4-CR-17000-4G,CRUCIAL 2133 (17000) 4G DDR4,2
800-1150,RAMD-SD-133-512,PC133 512MB 168PIN DIMM RAM,8
800-1151,RAML-D1-CR-2700-1G,CRUCIAL 2700 (333) 1GB OEM,2
800-1152,RAML-D1-MU-2100-1G,MUSHKIN PC2100 (266) 1G SODIMM,2
800-1153,RAML-D1-MU-2700-1G,MUSHKIN PC2700 (266) 1G SODIMM,5
800-1154,RAML-D2-CR-5300-1G,CRUCIAL 5300 (667) 1GB DDR2,27
800-1156,RAML-D2-CR-6400-2GB,CRUCIAL 6400 (800) 2GB DDR2,23
800-1157,RAML-D2-HP-VM443AA-F,HP 1GB PC6400 (800MHz) DDR2,12
800-1158,RAML-D2-MU-4200-1G,MUSHKIN PC4200 (533) 1G SODIMM,7
800-1159,RAML-D2-MU-4200-2G,MUSHKIN PC4200 (533) 2G SODIMM,2
800-1160,RAML-D2-MU-5300-1G,MUSHKIN PC5300 (667) 1G SODIMM,1
800-1161,RAML-D2-MU-6400-1G,MUSHKIN PC6400 (800) 1G SODIMM,3
800-1162,RAML-D2-MU-6400-2G,MUSHKIN PC6400 (800) 2G SODIMM,4
800-1163,RAML-D3-10600-2G-P,PC3-10600 1333 2G SODIMM PULL,26
800-1165,RAML-D3-MU-10666-4G,MUSHKIN 10666 (1333) 4G SODIMM,4
800-1166,RAML-D3-MU-10666-8G,MUSHKIN 10666 (1333) 8G SODIMM,5
800-1167,RAML-D3-MU-12800-8G,MUSHKIN 12800 (1600) 8G SODIMM,4
800-1168,RAML-D3-MU-8500-4G,MUSHKIN 8500 (1066) 4G SODIMM,4
800-1169,SC-AS-SUPFX,ASUS SUPREMEFX PCIe,81
800-1170,SC-AS-XONAR-DG,ASUS XONAR DG SOUND CARD,14
800-1171,SC-CL-SB-AUD-SE,SOUND BLASTER AUDIGY SE,2
800-1175,SC-ST-PCISOUND5CH2,STARTECH 5.1CH PCI SOUND CARD,3
800-1176,SE-CA-83565,100FT BNC CABLE WITH POWER,25
800-1177,SE-CAM-GC-00971,HD VIDEO USB DISK,5
800-1185,SE-CAM-GC-84321,MINI DVR 808 KEYCHAIN CAMERA,81
800-1187,SE-CA-RG59-END,F COMPRESSION ENDS FOR RG59,80
800-1188,SE-CA-RG6-SIN-GD-1K,SINGLE RG6 CABLE W/GROUND 1K,1
800-1189,SE-CA-TYPEF-END,F COMPRESSION ENDS FOR RG6,3
800-1194,SN-AV-0743Q-00G-F,AVISION F1 DOCKING UNIT,33
800-1195,SP-CA-2012,CYBER ACOUSTICS 2012 2 CH,9
800-1197,SP-CL-A250,CREATIVE A250 2.1 SPEAKER SET,2
800-1198,SP-CL-A550,CREATIVE A550 5.1 SPEAKER SET,1
800-1199,SP-CL-INSP-A60,CREATIVE INSPIRE A60 2CH,1
800-1201,SP-D2-DSP-R1-BK,D2 DSP-R1_BK WOW SPEAKER,57
800-1202,SP-D2-DSP-R1-PL,D2 DSP-R1_PL WOW SPEAKER,153
800-1203,SP-D2-DSP-R1-RD,D2 DSP-R1_RD WOW SPEAKER,79
800-1204,SP-GC-83339-2,BLUETOOTH MINI SPEAKER BLK/RD,17
800-1205,SP-IN-88038,INLAND 2.0 USB POWERED SPEAKER,2
800-1206,SP-KIN-BT-150,KINYO TRILLEON II BLUETOOTH,323
800-1207,STW-MS-OF13-HBUS,MS OFFICE 2013 HOME & BUS PKC,95
800-1210,STW-MS-W7-H-PRE64,MS WIN 7 HOME PREMIU 64BIT DVD,3
800-1212,STW-MS-W7-PRO64,MS WIN 7 PROFESSIONAL 64BIT,8
800-1214,STW-MS-W8-PRO64,MS WIN 8.1 PROFESSIONAL 64BIT,6
800-1215,SUP-ESD-5.5X8-200PK,5 1/2in X 8in ESD BAG 200 PAC,437
800-1216,SUP-IJ-CA-250-5PK,CANON STARTER 250/251 5 PACK,91
800-1217,SUP-IJ-EDB-250-5PK-F,EDIBLE CANON 250/251 INK & PPR,17
800-1218,SUP-IJ-EDB-CANFLUSH,INK FLUSH KIT FOR CANON,4
800-1219,SUP-IJ-EDB-CANREFFLU,REFILL AND FLUSH KIT FOR CANON,9
800-1220,SUP-IJ-EDB-CANREFKIT,EDIBLE INK REFILL KIT FOR CAN,10
800-1221,SUP-IJ-EDB-FROST24,PRINTABLE FROSTING SHEETS 24PK,5
800-1222,SUP-IJ-EDB-T200-4PK,EDIBLE EPSON T200XL INK & PPR,12
800-1223,SUP-IJ-EDB-WAFER24,PRINTABLE WAFER SHEETS 24PK,7
800-1225,SUP-IJ-GC-T069-4PK-F,GENERIC EPSON T069 4 PACK,1
800-1226,SUP-LT-ST-E40,ST-E40 LASER TONER FOR CANON,1
800-1227,TAB-AR-502153,ARNOVA CHILDPAD 502153,363
800-1228,TAB-AR-502153-OB,ARNOVA CHILDPAD 502153,3
800-1230,TAB-D2-912-BK-OB,D2 PAD 9 INTERNET TABLET BLK,9
800-1231,TAB-D2-912-WH-OB,D2 PAD 9 INTERNET TABLET WHT,2
800-1237,TAB-DE-V8TBL-3334K-F,DELL VENUE 8 TABLET BLACK,1
800-1239,TAB-GS-QV830-BK,GIGASET QV830 8 TABLET BLACK,10
800-1240,TAB-GS-QV830-BK-OB,GIGASET QV830 8 TABLET BLACK,3
800-1241,TAB-GS-QV830-SL,GIGASET QV830 8 TABLET SLV,1
800-1242,TAB-GS-QV830-SL-OB,GIGASET QV830 8 TABLET SLV,5
800-1243,TAB-HS-SNAT71BUE,HANNSPREE SN1AT71BUE 10.1,311
800-1244,TAB-LEN-367923U-F,LENOVO THINKPAD TABLET 2,1
800-1245,TAB-LP-LEPAN2-OB,LE PAN 2 TABLET PC ANDROID 3.2,1
800-1247,TAB-LP-TC802A-OB,LE PAN MINI 8 TABLET,6
800-1250,TAB-VTK-83380-13,VIOTEK EYEGUARD FOR IPAD MINI,267
800-1251,TAB-VTK-83380-14,VIOTEK EYEGUARD FOR IPAD 2,221
800-1252,TG-AS-DESK-ST-M3013,STARTECH DESKTOP ANTI STATIC,1
800-1254,TG-CA-FS-TRP-DPSXL3M,FALCON SAFETY TRIPLE PACK,31
800-1255,TG-CA-FS-WIPE-DPSCT,FALCON SAFETY COMP AIR + WIPES,13
800-1256,TG-GC-81851,STAR WARS DEATH STAR ICE MOLD,36
800-1257,TG-GC-82344,5 IN 1 BEAUTY CARE MASSAGER,505
800-1259,TG-GC-83471,MULTI-COLOR ROTATING LAMP,131
800-1262,TG-GC-84580,DIGITAL THERAPY MACHINE,8
800-1263,TG-NOV-DC-MISSLE-3PK,3 PK MISSILES FOR LAUNCHER,29
800-1266,TG-WA-VIN-MV6,VINAERA MV6 WINE AERATOR,114
800-1267,TG-WIPE-FS-80-DSCT,FALCON SAFETY 80PK MON WIPES,1
800-1269,UPS-PCM-BNT-1000CSU,POWERCOM BNT-1000CSU 1000VA,4
800-1270,UPS-PCM-BNT-1500AP,POWERCOM BNT-1500AP 1500VA UPS,25
800-1271,UPS-PCM-BNT-800AP,POWERCOM BNT-800AP 800VA UPS,17
800-1273,USB-HUB-GEN-2.0-10P,USB 2.0 10 PORT HUB w/AC,3
800-1274,USB-HUB-GEN-2.0-4P,USB 2.0 4 PORT HUB w/AC,2
800-1276,USB-LED-GC-83649-3,LED PORTABLE LAMP,168
800-1277,VA-CM-RAGEXL-8MB-PCI,ATI RAGE XL 8MB PCI VIDEO CARD,28
800-1279,VA-DT-VAR128P-32P,DIABLOTEK RAGE 128PRO 32MB PCI,34
800-1280,VA-DT-VARX-8P,DIABLOTEK RAGE XL 8MB PCI,1
800-1284,VN-AS-GT610-2GD3-CSM,ASUS GT610 2GB DDR3,3
800-1285,VN-AS-GT610-SL1GD3-L,ASUS GT610 1GB DDR3,1
800-1287,VN-EV-6200-512-PCI,EVGA 6200 512MB PCI VIDEO CRD,8
800-1288,VN-SP-GTX275-896MB,SPARKLE GTX275 896MB PCIe,1
800-1289,WA-84632-1,LACE LINGERIE MEDIUM,30
800-1290,WA-84632-2,LACE LINGERIE LARGE,30
800-1291,WA-84632-3,LACE LINGERIE X-LARGE,29
800-1292,WA-84632-4,LACE LINGERIE XX-LARGE,30
800-1293,WA-84633-1,HALTER NECK RED,27
800-1294,WA-84633-2,HALTER NECK GREEN,30
800-1295,WA-84633-3,HALTER NECK BLACK,28
800-1296,WA-84633-4,HALTER NECK ROSE RED,27
800-1297,WA-84637,BLACK SEXY LINGERIE,30
800-1298,WA-84639-1,BLUE LINGERIE MEDIUM,30
800-1299,WA-84639-2,BLUE LINGERIE X-LARGE,30
800-1300,WA-84639-3,BLUE LINGERIE XX-LARGE,30
800-1301,WA-84639-4,BLUE LINGERIE XXX-LARGE,30
800-1302,WA-84640-1,TEMPTATION BRIEFS BLACK SM,10
800-1303,WA-84640-10,TEMPTATION BRIEFS WHITE MED,10
800-1304,WA-84640-11,TEMPTATION BRIEFS WHITE LRG,10
800-1305,WA-84640-2,TEMPTATION BRIEFS BLACK MED,10
800-1306,WA-84640-3,TEMPTATION BRIEFS BLACK LRG,10
800-1307,WA-84640-4,TEMPTATION BRIEFS BLACK XLRG,10
800-1308,WA-84640-5,TEMPTATION BRIEFS ROSE SMALL,10
800-1309,WA-84640-6,TEMPTATION BRIEFS ROSE MED,10
800-1310,WA-84640-7,TEMPTATION BRIEFS ROSE LRG,10
800-1311,WA-84640-8,TEMPTATION BRIEFS ROSE XLRG,10
800-1312,WA-84640-9,TEMPTATION BRIEFS WHITE SM,10
800-1314,WC-LOG-C270-OB,LOGITECH C270 USB WEBCAM,3
800-1316,XG-DE-I5348-5555K-A,DELL INSPIRON I5348-5555BLK,1
800-1500,AM-BKUP-GC-81581,,11
800-1501,AM-CAM-GC-81738,,17
800-1504,AM-VT-83585,,14
800-1505,AM-VT-SC-C-BL-OB,,1
800-1508,CAB-CAT5-1000FT,,2
800-1509,CAB-CAT6-1000FT,,3
800-1510,CAB-CAT6-14FT,,24
800-1516,CAB-GC-84568,,13
800-1517,CAB-GC-84777,,36
800-1518,CAB-GC-84855,,3
800-1519,CAB-GC-85088-1,,7
800-1542,CC-TAB-GC-83243-4,,1
800-1549,CEA-WMCC-81814,,49
800-1552,CPU-1150-4570R,,6
800-1554,CPU-1150-4770R,,8
800-1556,CPU-AM3-FX-6350BR,,1
800-1559,FAN-CAS-ANT-80MM,,5
800-1560,FAN-CAS-ANT-PRO80DBB,,3
800-1561,FAN-CAS-ANT-TC120DBB,,2
800-1569,HE-DC-GC-82023,,40
800-1570,HE-DMP-GC-83659,,29
800-1572,HE-HPM-CA-AC-200B,,1
800-1574,HE-HPM-MON-128550,,2
800-1575,HE-PJ-GC-83981,,9
800-1576,HE-SW-85047-1,,44
800-1577,HE-SW-85047-10,,50
800-1578,HE-SW-85047-2,,50
800-1579,HE-SW-85047-3,,49
800-1580,HE-SW-85047-4,,48
800-1581,HE-SW-85047-5,,48
800-1582,HE-SW-85047-6,,26
800-1583,HE-SW-85047-7,,49
800-1584,HE-SW-85047-8,,50
800-1585,HE-SW-85047-9,,49
800-1586,HG-GC-83823,,4
800-1588,HS-120-MU-MKNSSDCRD7,,1
800-1590,HS-240-KS-SV300S37A,,41
800-1592,KB-USB-AU-83244,,2
800-1600,MED-TB-32G-KS-DTDUO3,,3
800-1603,MIS-ARD-83869,,19
800-1604,MIS-ARD-84457,,91
800-1616,MTL-DE-E1914H-F,,1
800-1619,NET-POE-TP-POE10R-OB,,1
800-1622,NRN-ADSL-AT-GT784-OE,,8
800-1623,NT-ANT-TL-ANT2408C,,3
800-1625,NT-REXN-TL-WA730R-OB,,1
800-1628,PL-LEN-20CD00BXUS-OB,,4
800-1629,PS-CM-750W-24PIN,,92
800-1630,PS-VTK-450W-24PIN-V2,,261
800-1631,PS-VTK-600W-24PIN-V2,,675
800-1632,PS-VTK-700W-24PIN-V2,,306
800-1633,PS-VTK-850W-24PIN,,204
800-1635,PT-HP-B4A22A,,118
800-1637,PT-HP-CE528A,,80
800-1638,PT-HP-E6B67A,,47
800-1639,PT-SAM-C410W,,83
800-1641,RAMD-D2-MU-4200-1G,,1
800-1642,RAMD-D2-MU-5300-1G,,8
800-1643,RAMD-D3-CR-12800-4G,,3
800-1644,RAMD-D3-MU-1280-16GK,,4
800-1645,RAMD-D3-MU-8500-2G,,7
800-1647,RAMD-D3-MU-B1490-16K,,1
800-1648,RAMD-D3-MU-R1700-16K,,1
800-1649,RAML-D2-MU-5300-2G,,2
800-1650,RAML-D3-MU-12800-4G,,3
800-1651,RAML-D3-MU-8500-2G,,5
800-1652,SC-AS-XONAR-DGX,,1
800-1661,TAB-HS-SNAT71BUE-OB,,1
800-1663,UPS-PCM-BNT-15-230OB,,3
800-1664,UPS-PCM-BNT-1500-230,,3
800-1671,USB-HUB-84868,,4
800-1673,USB-HUB-GEN-83516,,46
800-1674,USB-LED-GC-83649-2,,170
800-1684,KB-USB-RZ-ANANSI,,430
800-1719,PL-HP-E8C06UA-F,,8
800-1722,CAB-GC-83675,,71
800-1741,HE-PJ-GC-83988,,1
800-1748,PL-LEN-T42-252-4-128,,50
800-1749,PL-LEN-T52-252-8-500,,29
800-1750,PL-DE-E6420-25-8-320,,3
801-0167_Bk,AM-VJ-CACT-MIN1S-BK,VOJO CACTUS MINI 1S BLACK,1
801-0168_Bk,AM-VT-SC-C-BL,VIOTEK COOLING CUSHION BK,324
801-0168_Gy,AM-VT-SC-C-GY,VIOTEK COOLING CUSHION GY,356
801-0168_Tan,AM-VT-SC-C-TAN,VIOTEK COOLING CUSHION TAN,432
801-0169_Bk,AM-VT-SC-CH-BL,VIOTEK HEAT & COOL CUSHION BK,112
801-0169_Br,AM-VT-SC-CH-BR,VIOTEK HEAT & COOL CUSHION BRN,15
801-0169_Gy,AM-VT-SC-CH-GY,VIOTEK HEAT & COOL CUSHION GY,170
801-0169_Tan,AM-VT-SC-CH-TAN,VIOTEK HEAT & COOL CUSHION TAN,213
801-0170_Gld,CAB-PU-84909-1,POWER UP 1 M LIGHTNING GOLD,40
801-0170_Gy,CAB-PU-84909-2,POWER UP 1 M LIGHTNING GREY,35
801-0170_Slv,CAB-PU-84909-3,POWER UP 1 M LIGHTNING SILVER,37
801-0171_Bk,CAB-PU-84914-1,POWER UP 3 M LIGHTNING BLACK,33
801-0171_Bl,CAB-PU-84914-3,POWER UP 3 M LIGHTNING BLUE,9
801-0171_Gr,CAB-PU-84914-2,POWER UP 3 M LIGHTNING GREEN,11
801-0171_Pk,CAB-PU-84914-4,POWER UP 3 M LIGHTNING PINK,11
801-0171_Wht,CAB-PU-84914-5,POWER UP 3 M LIGHTNING WHITE,22
801-0172_Bl,CAB-VJ-IMAG3-U,VOJO IMAGNET LIGHTNING BLUE,33
801-0172_Gy,CAB-VJ-IMAG3-GY,VOJO IMAGNET LIGHTNING GREY,14
801-0173_Gr,CAB-VJ-MAG3-LG,VOJO MAGNET MICRO USB LIME GN,29
801-0173_Org,CAB-VJ-MAG3-OR,VOJO MAGNET MICRO USB ORANGE,34
801-0173_Pk,CAB-VJ-MAG3-PK,VOJO MAGNET MICRO USB PINK,36
801-0174_Bk_ip6px,CEA-GC-82355-BK,EXTERNAL BAT CASE FOR IPHONE6+,186
801-0174_Wht_ip6px,CEA-GC-82354-WT,EXTERNAL BAT CASE FOR IPHONE6+,91
801-0175_ip6,CEA-GC-82420-1,GENERIC TPU CASE FOR IPHONE 6,417
801-0175_ip6p,CEA-GC-82420-2,GENERIC TPU CASE FOR IPHONE 6+,450
801-0176_Bk,CEA-GC-82515-2,BLUETOOTH SELFIE STICK BLACK,239
801-0176_Bl,CEA-GC-82515-4,BLUETOOTH SELFIE STICK BLUE,227
801-0177_Bl_ip6,CEA-GC-82536-4,GENERIC TPU CASE FOR IPHONE 6,45
801-0177_Bl_ip6p,CEA-GC-82538-2,GENERIC TPU CASE FOR IPHONE 6+,49
801-0177_Gr_ip6,CEA-GC-82536-2,GENERIC TPU CASE FOR IPHONE 6,47
801-0177_Gr_ip6p,CEA-GC-82538-7,GENERIC TPU CASE FOR IPHONE 6+,98
801-0177_Gy_ip6,CEA-GC-82536-7,GENERIC TPU CASE FOR IPHONE 6,97
801-0177_Gy_ip6p,CEA-GC-82538-6,GENERIC TPU CASE FOR IPHONE 6+,96
801-0177_Pk_ip6,CEA-GC-82536-5,GENERIC TPU CASE FOR IPHONE 6,98
801-0177_Pk_ip6p,CEA-GC-82538-4,GENERIC TPU CASE FOR IPHONE 6+,50
801-0177_Wht_ip6,CEA-GC-82536-6,GENERIC TPU CASE FOR IPHONE 6,95
801-0177_Wht_ip6p,CEA-GC-82538-5,GENERIC TPU CASE FOR IPHONE 6+,96
801-0177_Ylw_ip6,CEA-GC-82536-1,GENERIC TPU CASE FOR IPHONE 6,49
801-0177_Ylw_ip6p,CEA-GC-82538-1,GENERIC TPU CASE FOR IPHONE 6+,47
801-0179_Bk,CEA-GC-83843-1,PHONE HOLDER BLK,32
801-0179_Gy,CEA-GC-83843-2,PHONE HOLDER GREY,32
801-0179_LtBl,CEA-GC-83843-6,PHONE HOLDER LIGHT BLUE,48
801-0179_Org,CEA-GC-83843-4,PHONE HOLDER ORANGE,26
801-0179_Pr,CEA-GC-83843-3,PHONE HOLDER PURPLE,46
801-0179_Ylw,CEA-GC-83843-5,PHONE HOLDER YELLOW,48
801-0181_Bk_ip6,CEA-VTK-82368-BK,VIOTEK IP-68 CASE FOR IPHONE6,42
801-0181_Bk_ip6p,CEA-VTK-82364-BK,VIOTEK IP-68 CASE FOR IPHONE6+,43
801-0181_Wht_ip6p,CEA-VTK-82363-WT,VIOTEK IP-68 CASE FOR IPHONE6+,45
801-0182_Bk_ip6,CEA-VTK-82380-BK,VIOTEK IP-68 CASE FOR IPHONE6,56
801-0182_Bk_ip6p,CEA-VTK-82375-BK,VIOTEK IP-68 CASE FOR IPHONE6+,63
801-0182_Wht_ip6,CEA-VTK-82378-WT,VIOTEK IP-68 CASE FOR IPHONE6,80
801-0182_Wht_ip6p,CEA-VTK-82371-WT,VIOTEK IP-68 CASE FOR IPHONE6+,75
801-0183_ip5or5s,CEA-VTK-83380-4,VIOTEK EYEGUARD FOR IPHONE 5,422
801-0183_ip6,CEA-VTK-83380-21,VIOTEK EYEGUARD FOR IPHONE 6,423
801-0183_ip6p,CEA-VTK-83380-22,VIOTEK EYEGUARD FOR IPHONE 6+,425
801-0183_sams6,CEA-VTK-83380-7,VIOTEK EYEGUARD FOR GALAXY S6,429
801-0183_sg5,CEA-VTK-83380-6,VIOTEK EYEGUARD,425
801-0183_sgn4,CEA-VTK-83380-19,VIOTEK EYEGUARD,429
801-0185_Bk,HE-EB-BD-81848-3-BK,BLUEDIO BLUETOOTH EARBUDS BLK,55
801-0185_Bl,HE-EB-BD-81848-2-U,BLUEDIO BLUETOOTH EARBUDS BLU,32
801-0185_Rd,HE-EB-BD-81848-1-RD,BLUEDIO BLUETOOTH EARBUDS RED,28
801-0185_Wht,HE-EB-BD-81848-4-WH,BLUEDIO BLUETOOTH EARBUDS WHT,47
801-0186_Bl,HE-EB-GC-81707-9-U,BLUETOOTH EARBUDS BLUE,65
801-0186_Pk,HE-EB-GC-81707-6-PK,BLUETOOTH EARBUDS PINK,44
801-0186_Wht,HE-EB-GC-81707-7-WH,BLUETOOTH EARBUDS WHITE,19
801-0195_Bl_L,MIS-DC-83998-17,BLUE CAMO LARGE PET COLLAR,118
801-0195_Bl_M,MIS-DC-83998-9,BLUE CAMO MEDIUM PET COLLAR,111
801-0195_Bl_S,MIS-DC-83998-1,BLUE CAMO SMALL PET COLLAR,118
801-0195_Bl_XL,MIS-DC-83998-25,BLUE CAMO X-LARGE PET COLLAR,117
801-0195_Gy_L,MIS-DC-83998-22,GREY CAMO LARGE PET COLLAR,18
801-0195_Gy_M,MIS-DC-83998-14,GREY CAMO MEDIUM PET COLLAR,15
801-0195_Gy_S,MIS-DC-83998-6,GREY CAMO SMALL PET COLLAR,11
801-0195_Gy_XL,MIS-DC-83998-30,GREY CAMO X-LARGE PET COLLAR,18
801-0195_Pk_L,MIS-DC-83998-23,PINK CAMO LARGE PET COLLAR,19
801-0195_Pk_M,MIS-DC-83998-15,PINK CAMO MEDIUM PET COLLAR,16
801-0195_Pk_S,MIS-DC-83998-7,PINK CAMO SMALL PET COLLAR,6
801-0195_Pk_XL,MIS-DC-83998-31,PINK CAMO X-LARGE PET COLLAR,18
801-0195_Ylw_L,MIS-DC-83998-21,YELLOW CAMO LARGE PET COLLAR,120
801-0195_Ylw_M,MIS-DC-83998-13,YELLOW CAMO MEDIUM PET COLLAR,114
801-0195_Ylw_S,MIS-DC-83998-5,YELLOW CAMO SMALL PET COLLAR,114
801-0195_Ylw_XL,MIS-DC-83998-29,YELLOW CAMO X-LARGE PET COLLAR,120
801-0196_ForAppIPA234,TAB-VTK-83380-14,VIOTEK EYEGUARD FOR IPAD 2,221
801-0196_iMin,TAB-VTK-83380-13,VIOTEK EYEGUARD FOR IPAD MINI,267
801-0197_Bk,AM-GC-83691-2,2 IN 1 HOME/CAR CHARGER BLACK,116
801-0197_Wht,AM-GC-83691-6,2 IN 1 HOME/CAR CHARGER WHITE,107
801-0199,CEA-QI-82361,QI CHARGING TRANSMITTER,2
801-0201,SN-AV-0743Q-00G-F,AVISION F1 DOCKING UNIT,33
801-0204,HE-HPM-CL-70GH0150,CREATIVE TACTIC3D SIGMA,105
801-0208,SP-JBL-CHRG2WHTAM,JBL Charge 2 White,9
801-0210,RAMD-D3-HX-316C10F4,Kingston HyperX FURY 4GB 1600MHz DDR3 CL10 DIMM - Blue (HX31,39
801-0214,HE-DMP-AS-CUBE-GOOGT,ASUS CUBE GOOGLE TV,374
801-0216,PT-BR-MFC-J5620DW,,145
801-0218_Bk_10-628,CEA-GC-83212-4,MAGIC SMART NFC RING FOR ALL ANDROID AND WINDOWS MOBILE PHON,12
801-0218_Bk_11-66,CEA-GC-83212-5,MAGIC SMART NFC RING FOR ALL ANDROID AND WINDOWS MOBILE PHON,13
801-0218_Bk_7-54,CEA-GC-83212-1,MAGIC SMART NFC RING FOR ALL ANDROID AND WINDOWS MOBILE PHON,12
801-0218_Bk_8-571,CEA-GC-83212-2,MAGIC SMART NFC RING FOR ALL ANDROID AND WINDOWS MOBILE PHON,21
801-0218_Bk_9-60,CEA-GC-83212-3,MAGIC SMART NFC RING FOR ALL ANDROID AND WINDOWS MOBILE PHON,12
801-0218_Wht_10-628,CEA-GC-83212-10,MAGIC SMART NFC RING FOR ALL ANDROID AND WINDOWS MOBILE PHON,15
801-0218_Wht_11-66,CEA-GC-83212-11,MAGIC SMART NFC RING FOR ALL ANDROID AND WINDOWS MOBILE PHON,13
801-0218_Wht_7-54,CEA-GC-83212-7,MAGIC SMART NFC RING FOR ALL ANDROID AND WINDOWS MOBILE PHON,18
801-0218_Wht_8-571,CEA-GC-83212-8,MAGIC SMART NFC RING FOR ALL ANDROID AND WINDOWS MOBILE PHON,25
801-0218_Wht_9-60,CEA-GC-83212-9,MAGIC SMART NFC RING FOR ALL ANDROID AND WINDOWS MOBILE PHON,24
801-0218_Bk_10-628,CEA-GC-83212-4,,12
801-0218_Bk_11-66,CEA-GC-83212-5,,13
801-0218_Bk_7-54,CEA-GC-83212-1,,12
801-0218_Bk_8-571,CEA-GC-83212-2,,21
801-0218_Wht_10-628,CEA-GC-83212-10,,15
801-0218_Wht_11-66,CEA-GC-83212-11,,13
801-0218_Wht_7-54,CEA-GC-83212-7,,18
801-0218_Wht_8-571,CEA-GC-83212-8,,25
801-0218_Wht_9-60,CEA-GC-83212-9,,24
801-0219_Bk,CEA-GC-85376-1,IPHONE 6 PLUS BATTERY CASE,2
801-0219_Wht,CEA-GC-85376-3,IPHONE 6 PLUS BATTERY CASE,2
801-0222_Bk,HE-SBW-VTK-85370-2,VIOTEK SMART BALANCE WHEEL,132
801-0222_Gr,HE-SBW-VTK-85370-3,VIOTEK SMART BALANCE WHEEL,140
801-0222_Rd,HE-SBW-VTK-85370-1,VIOTEK SMART BALANCE WHEEL,76
801-0222_Wht,HE-SBW-VTK-85370-5,VIOTEK SMART BALANCE WHEEL,195
801-0223,SP-LOG-UE-BOOM,LOGITECH UE BOOM,85
801-0224,TAB-JL-PRO-7C,JLAB PRO 7C TABLET,82
801-0226,MTL-DE-U2415,DELL U2415,238
808-1400_1,CAB-PU-84914-1,POWER UP 3 M LIGHTNING BLACK,33
808-1400_2,CAB-PU-84914-2,POWER UP 3 M LIGHTNING GREEN,11
808-1400_3,CAB-PU-84914-3,POWER UP 3 M LIGHTNING BLUE,9
808-1400_4,CAB-PU-84914-4,POWER UP 3 M LIGHTNING PINK,11
808-1400_5,CAB-PU-84914-5,POWER UP 3 M LIGHTNING WHITE,22
808-1402_1,CEA-GC-82515-4,BLUETOOTH SELFIE STICK BLUE,227
808-1402_2,CEA-GC-82515-2,BLUETOOTH SELFIE STICK BLACK,239
808-1403_1,CEA-GC-82538-5,GENERIC TPU CASE FOR IPHONE 6+,96
808-1403_10,CEA-GC-82536-1,GENERIC TPU CASE FOR IPHONE 6,49
808-1403_2,CEA-GC-82536-5,GENERIC TPU CASE FOR IPHONE 6,98
808-1403_3,CEA-GC-82538-7,GENERIC TPU CASE FOR IPHONE 6+,98
808-1403_4,CEA-GC-82536-7,GENERIC TPU CASE FOR IPHONE 6,97
808-1403_5,CEA-GC-82538-4,GENERIC TPU CASE FOR IPHONE 6+,50
808-1403_6,CEA-GC-82536-4,GENERIC TPU CASE FOR IPHONE 6,45
808-1403_7,CEA-GC-82538-6,GENERIC TPU CASE FOR IPHONE 6+,96
808-1403_8,CEA-GC-82536-6,GENERIC TPU CASE FOR IPHONE 6,95
808-1403_9,CEA-GC-82538-1,GENERIC TPU CASE FOR IPHONE 6+,47
808-1404_1,HE-EB-BD-81848-2-U,BLUEDIO BLUETOOTH EARBUDS BLU,32
808-1404_2,HE-EB-BD-81848-1-RD,BLUEDIO BLUETOOTH EARBUDS RED,28
808-1404_3,HE-EB-BD-81848-3-BK,BLUEDIO BLUETOOTH EARBUDS BLK,55
808-1404_4,HE-EB-BD-81848-4-WH,BLUEDIO BLUETOOTH EARBUDS WHT,47
808-1405_1,CAB-PU-84909-1,POWER UP 1 M LIGHTNING GOLD,40
808-1405_2,CAB-PU-84909-2,POWER UP 1 M LIGHTNING GREY,35
808-1405_3,CAB-PU-84909-3,POWER UP 1 M LIGHTNING SILVER,37
808-1406_1,CEL-GC-82803-1-BK,HUAWEI HONOR 6 BLACK,1
808-1406_2,CEL-GC-82803-2-WH,HUAWEI HONOR 6 WHITE,4
808-1407_1,MIS-DC-83998-9,BLUE CAMO MEDIUM PET COLLAR,111
808-1407_10,MIS-DC-83998-23,PINK CAMO LARGE PET COLLAR,19
808-1407_11,MIS-DC-83998-31,PINK CAMO X-LARGE PET COLLAR,18
808-1407_12,MIS-DC-83998-6,GREY CAMO SMALL PET COLLAR,11
808-1407_13,MIS-DC-83998-14,GREY CAMO MEDIUM PET COLLAR,15
808-1407_14,MIS-DC-83998-22,GREY CAMO LARGE PET COLLAR,18
808-1407_15,MIS-DC-83998-30,GREY CAMO X-LARGE PET COLLAR,18
808-1407_2,MIS-DC-83998-17,BLUE CAMO LARGE PET COLLAR,118
808-1407_3,MIS-DC-83998-25,BLUE CAMO X-LARGE PET COLLAR,117
808-1407_4,MIS-DC-83998-5,YELLOW CAMO SMALL PET COLLAR,114
808-1407_5,MIS-DC-83998-13,ORANGE CAMO MEDIUM PET COLLAR,114
808-1407_6,MIS-DC-83998-21,YELLOW CAMO LARGE PET COLLAR,120
808-1407_7,MIS-DC-83998-29,YELLOW CAMO X-LARGE PET COLLAR,120
808-1407_8,MIS-DC-83998-7,PINK CAMO SMALL PET COLLAR,6
808-1407_9,MIS-DC-83998-15,PINK CAMO MEDIUM PET COLLAR,16
808-1408_1,CEA-GC-83843-4,PHONE HOLDER ORANGE,26
808-1408_2,CEA-GC-83843-5,PHONE HOLDER YELLOW,48
808-1408_3,CEA-GC-83843-6,PHONE HOLDER LIGHT BLUE,48
808-1408_4,CEA-GC-83843-3,PHONE HOLDER PURPLE,46
808-1408_5,CEA-GC-83843-2,PHONE HOLDER GREY,32
808-1408_6,CEA-GC-83843-1,PHONE HOLDER BLK,32
808-1409_2,HE-CHRG-VJ-1MIN-PK,VOJO ONEMINI 2800MAH PINK,1
808-1409_3,HE-CHRG-VJ-1MIN-GN,VOJO ONEMINI 2800MAH GREEN,16
808-1409_5,HE-CHRG-VJ-1MIN-YEL,VOJO ONEMINI 2800MAH YELLOW,18
808-1410_1,AM-GC-83691-6,2 IN 1 HOME/CAR CHARGER WHITE,107
808-1410_2,AM-GC-83691-2,2 IN 1 HOME/CAR CHARGER BLACK,116
808-1411_1,CEA-GC-82355-BK,EXTERNAL BAT CASE FOR IPHONE6+,186
808-1411_2,CEA-GC-82354-WT,EXTERNAL BAT CASE FOR IPHONE6+,91
808-1412_1,HE-EB-GC-81707-9-U,BLUETOOTH EARBUDS BLUE,65
808-1412_2,HE-EB-GC-81707-6-PK,BLUETOOTH EARBUDS PINK,44
808-1412_3,HE-EB-GC-81707-7-WH,BLUETOOTH EARBUDS WHITE,19
808-1412_4,HE-EB-GC-81707-2-BK,BLUETOOTH EARBUDS BLACK,321
808-1412_5,HE-EB-GC-81707-1-RD,BLUETOOTH EARBUDS RED,43
808-1412_4,HE-EB-GC-81707-2-BK,,321
808-1413_1,HE-SW-83315-1,38MM SCREEN PROTECTOR,431
808-1413_2,HE-SW-83315-2,42MM SCREEN PROTECTOR,393
808-1416_1,CEA-VTK-82375-BK,VIOTEK IP-68 CASE FOR IPHONE6+,63
808-1416_2,CEA-VTK-82371-WT,VIOTEK IP-68 CASE FOR IPHONE6+,75
808-1417_1,CEA-VTK-82380-BK,VIOTEK IP-68 CASE FOR IPHONE6,56
808-1417_2,CEA-VTK-82378-WT,VIOTEK IP-68 CASE FOR IPHONE6,80
808-1417_4,CEA-VTK-82368-BK,VIOTEK IP-68 CASE FOR IPHONE6,42
808-1418_1,HE-EB-VJ-RAB-YEL,VOJO RABBIT EARBUD SLEEVE YEL,8
808-1418_2,HE-EB-VJ-RAB-OR,VOJO RABBIT EARBUD SLEEVE ORG,3
808-1418_4,HE-EB-VJ-RAB-GRN,VOJO RABBIT EARBUD SLEEVE GRN,6
808-1418_6,HE-EB-VJ-RAB-RED,VOJO RABBIT EARBUD SLEEVE RED,7
808-1418_7,HE-EB-VJ-RAB-PUR,VOJO RABBIT EARBUD SLEEVE PUR,1
808-1418_8,HE-EB-VJ-RAB-PK,VOJO RABBIT EARBUD SLEEVE PNK,7
808-1419_1,CAB-VJ-IMAG3-U,VOJO IMAGNET LIGHTNING BLUE,33
808-1419_2,CAB-VJ-IMAG3-GY,VOJO IMAGNET LIGHTNING GREY,14
808-1420_1,AM-VJ-CACT-MIN1S-BK,VOJO CACTUS MINI 1S BLACK,1
808-1421_1,CAB-VJ-MAG3-PK,VOJO MAGNET MICRO USB PINK,36
808-1421_2,CAB-VJ-MAG3-OR,VOJO MAGNET MICRO USB ORANGE,34
808-1421_3,CAB-VJ-MAG3-LG,VOJO MAGNET MICRO USB LIME GN,29
808-1422_1,CEA-VTK-82363-WT,VIOTEK IP-68 CASE FOR IPHONE6+,45
808-1422_2,CEA-VTK-82371-WT,VIOTEK IP-68 CASE FOR IPHONE6+,75
808-1422_3,CEA-VTK-82364-BK,VIOTEK IP-68 CASE FOR IPHONE6+,43
808-1422_4,CEA-VTK-82375-BK,VIOTEK IP-68 CASE FOR IPHONE6+,63
808-1424_1,AM-VT-SC-C-TAN,VIOTEK COOLING CUSHION TAN,432
808-1424_2,AM-VT-SC-C-BR,VIOTEK COOLING CUSHION BRN,46
808-1424_3,AM-VT-SC-C-BL,VIOTEK COOLING CUSHION BK,324
808-1424_4,AM-VT-SC-C-GY,VIOTEK COOLING CUSHION GY,356
808-1424_2,AM-VT-SC-C-BR,,46
808-1425_1,MIS-ARD-83800,L298N DUAL H-BRIDGE CONTROLLER,182
808-1425_1,MIS-ARD-83800,,182
808-1426_2,HG-GC-83993-2,12 LACE CAKE BORDER PINK,18
808-1426_3,HG-GC-83993-3,12 LACE CAKE BORDER PURPLE,6
808-1426_4,HG-GC-83993-4,12 LACE CAKE BORDER RED,44
808-1427_1,CEA-QI-82361,QI CHARGING TRANSMITTER,2
808-1428_1,TAB-VTK-83380-13,VIOTEK EYEGUARD FOR IPAD MINI,267
808-1428_2,TAB-VTK-83380-14,VIOTEK EYEGUARD FOR IPAD 2,221
808-1428_3,TAB-VTK-83380-15,VIOTEK EYEGUARD FOR IPAD AIR,131
808-1428_3,TAB-VTK-83380-15,,131
808-1429_1,CEA-VTK-83380-21,VIOTEK EYEGUARD FOR IPHONE 6,423
808-1429_2,CEA-VTK-83380-22,VIOTEK EYEGUARD FOR IPHONE 6+,425
808-1429_3,CEA-VTK-83380-4,VIOTEK EYEGUARD FOR IPHONE 5,422
808-1430_1,CEA-VTK-83380-6,VIOTEK EYEGUARD FOR GALAXY S5,425
808-1430_2,CEA-VTK-83380-7,VIOTEK EYEGUARD FOR GALAXY S6,429
808-1430_3,CEA-VTK-83380-19,VIOTEK EYEGUARD FOR NOTE 4,429
808-1431_1,CEA-GC-83295-2,PRIVACY FILM FOR GALAXY S3,84
808-1431_2,CEA-GC-83296-2,PRIVACY FILM FOR GALAXY S4,63
808-1431_3,CEA-GC-83293-2,PRIVACY FILM FOR GALAXY S5,64
808-1431_4,CEA-GC-83284-2,PRIVACY FILM FOR NOTE 4,59
808-1433_1,MIS-ARD-83801,ARDUINO CH340 W/ USB INTERFACE,160
808-1433_1,MIS-ARD-83801,,160
808-1434_2,HE-GC-IP-83811,IPEGA BLUETOOTH GAME CONTROLLE,2
808-1435_1,CAB-GC-84845-2,HDMI INPUT TO COMPOSITE OUTPUT,10
808-1435_2,CAB-GC-84845-1,HDMI INPUT TO COMPOSITE OUTPUT,24
808-1435_1,CAB-GC-84845-2,,10
808-1435_2,CAB-GC-84845-1,,24
808-1437_1,CEA-GC-82420-2,GENERIC TPU CASE FOR IPHONE 6+,450
808-1437_2,CEA-GC-82420-1,GENERIC TPU CASE FOR IPHONE 6,417
808-1438_2,HE-HP-BD-81723-3-BK,BLUEDIO CORDLSS HEADPHONES BK,62
808-1438_3,HE-HP-BD-81723-1-RD,BLUEDIO CORDLSS HEADPHONES RD,17
808-1439_1,CEA-GC-82420-2,GENERIC TPU CASE FOR IPHONE 6+,450
808-1439_2,CEA-GC-82420-1,GENERIC TPU CASE FOR IPHONE 6,417
808-1440_1,HE-EB-VTK-81740-7,IFROGZ EARBUDS WITH MIC BLUE,164
808-1440_2,HE-EB-VTK-81740-10,VIOTEK WIRELESS EARBUDS BLUE,241
808-1440_3,HE-EB-VTK-81740-6,VIOTEK WIRELESS EARBUDS BLK,105
808-1440_4,HE-EB-VTK-81740-8,IFROGZ EARBUDS WITH MIC BLUE,145
808-1441_1,AM-VT-SC-CH-TAN,VIOTEK COOLING CUSHION GY,213
808-1441_2,AM-VT-SC-CH-BR,VIOTEK COOLING CUSHION GY,15
808-1441_3,AM-VT-SC-CH-BL,VIOTEK COOLING CUSHION GY,112
808-1441_4,AM-VT-SC-CH-GY,VIOTEK COOLING CUSHION GY,170
808-1442_1,CEA-GC-83212-11,MAGIC SMART NFC RING 66MM WHT,13
808-1442_10,CEA-GC-83212-1,MAGIC SMART NFC RING 54MM BLK,12
808-1442_11,CEA-GC-83212-10,MAGIC SMART NFC RING 62MM WHT,15
808-1442_2,CEA-GC-83212-2,MAGIC SMART NFC RING 57MM BLK,21
808-1442_3,CEA-GC-83212-3,MAGIC SMART NFC RING 60MM BLK,12
808-1442_4,CEA-GC-83212-4,MAGIC SMART NFC RING 62MM BLK,12
808-1442_5,CEA-GC-83212-5,MAGIC SMART NFC RING 66MM BLK,13
808-1442_7,CEA-GC-83212-7,MAGIC SMART NFC RING 54MM WHT,18
808-1442_8,CEA-GC-83212-8,MAGIC SMART NFC RING 57MM WHT,25
808-1442_9,CEA-GC-83212-9,MAGIC SMART NFC RING 60MM WHT,24
808-1443_1,CEA-GC-82529-4,GENERIC TPU CASE FOR IPHONE 6+,92
808-1443_10,CEA-GC-82535-2,GENERIC TPU CASE FOR IPHONE 6,82
808-1443_2,CEA-GC-82529-1,GENERIC TPU CASE FOR IPHONE 6+,93
808-1443_3,CEA-GC-82529-5,GENERIC TPU CASE FOR IPHONE 6+,46
808-1443_4,CEA-GC-82529-3,GENERIC TPU CASE FOR IPHONE 6+,90
808-1443_5,CEA-GC-82529-2,GENERIC TPU CASE FOR IPHONE 6+,72
808-1443_6,CEA-GC-82535-4,GENERIC TPU CASE FOR IPHONE 6,87
808-1443_7,CEA-GC-82535-1,GENERIC TPU CASE FOR IPHONE 6,92
808-1443_8,CEA-GC-82535-5,GENERIC TPU CASE FOR IPHONE 6,50
808-1443_9,CEA-GC-82535-3,GENERIC TPU CASE FOR IPHONE 6,95
808-1444_1,AM-VT-SC-CH-TAN,VIOTEK COOLING CUSHION GY,213
808-1444_2,AM-VT-SC-CH-BR,VIOTEK COOLING CUSHION GY,15
808-1444_3,AM-VT-SC-CH-BL,VIOTEK COOLING CUSHION GY,112
808-1444_4,AM-VT-SC-CH-GY,VIOTEK COOLING CUSHION GY,170