800-0000,AC-DC-UNI-PR-AD150HC,PRUDENT WAY AC/DC UNIVERSAL
800-0001,AC-DEL-83620,DELL COMPATIBLE ADAPTER
800-0002,AC-HC-18.5V-4.9A,HP/COMPAQ 18.5V 4.9A NTBK ADPT
800-0003,AC-HC-18.5V-6.5A,HP/COMPAQ 18.5V 6.5A NTBK ADPT
800-0004,AC-UNI-PRU-AC120LE,PRUDENT WAY UNIVERSAL ADAPTER
800-0005,AC-UNI-PRU-AC75NE,PRUDENT WAY UNIVERSAL ADAPTER
800-0006,AC-UNI-PRU-AC90CBV2,PRUDENT WAY UNIVERSAL ADAPTER
800-0007,AC-UNI-PRU-AC90LE,PRUDENT WAY UNIVERSAL ADAPTER
800-0008,AC-UNI-PRU-AC90SC,PRUDENT WAY AC90SC SLIM 90WATT
800-0009,AC-UNI-TAR-APA69USOB,TARGUS UNIV AC/DC FOR LAPTOPS
800-0010,AM-BT-GC-81811-1,BLUETOOTH HANDSFREE KIT
800-0011,AM-CAM-DH-CDR-810,DRIVE HD PRO GRADE DASH CAM
800-0012,AM-CAM-GC-81423,G30 CAR CAMCORDER
800-0013,AM-CHRG-PQ-6PC302R2A,PQI 6PC3-002R0002A I-CHARGER
800-0014,AM-GC-83691-2,2 IN 1 HOME/CAR CHARGER BLACK
800-0015,AM-GC-83691-6,2 IN 1 HOME/CAR CHARGER WHITE
800-0016,AM-VJ-CACT-MIN1S-BK,VOJO CACTUS MINI 1S BLACK
800-0017,AM-VJ-CACT-MIN1S-WH,VOJO CACTUS MINI 1S WHITE
800-0018,AM-VT-SC-C-BL,VIOTEK COOLING CUSHION BK
800-0019,AM-VT-SC-C-GY,VIOTEK COOLING CUSHION GY
800-0020,AM-VT-SC-C-GY-OB,VIOTEK COOLING CUSHION GY
800-0021,AM-VT-SC-CH-BL,VIOTEK HEAT & COOL CUSHION BK
800-0022,AM-VT-SC-CH-BR,VIOTEK HEAT & COOL CUSHION BRN
800-0023,AM-VT-SC-CH-GY,VIOTEK HEAT & COOL CUSHION GY
800-0024,AM-VT-SC-CH-GY-OB,VIOTEK HEAT & COOL CUSHION GY
800-0025,AM-VT-SC-CH-TAN,VIOTEK HEAT & COOL CUSHION TAN
800-0026,AM-VT-SC-CH-TAN-OB,VIOTEK HEAT & COOL CUSHION TAN
800-0027,AM-VT-SC-C-TAN,VIOTEK COOLING CUSHION TAN
800-0028,AVR-OU-SS1200,OPTI-UPS SS1200 600W AVR
800-0029,AVR-OU-SS2000,OPTI-UPS SS2000 1000W AVR
800-0030,BAT-ALK-EG-D-2P,ENERGIZER D ALKALINE 2 PACK
800-0031,BAT-HP-DV4-10.4A,HP/COMPAQ 10.8V 10400MAH
800-0032,BAT-IBM-NLIR32,IBM THINKPAD 14.8V 4400MAH
800-0033,BAT-LEN-121TO10C,LENOVO F40/F50 10.8V 4800MAH
800-0034,BAT-NMH-CM-NH-AA2PK,2PACK 1.2V NI-MH AA BATTERIES
800-0035,BAT-NMH-PAN-3MCCA4BA,PANASONIC ENELOOP 4PK NI-MH AA
800-0036,BDREX-PI-BDR-XD05S,PIONEER BDR-XD05S EXT BLU-RAY
800-0037,BDVD-LG-UH12NS30,LG UH12NS30 BLU-RAY COMBO
800-0038,CAB-1394A-6P6P-3,3FT 1394A 6PIN TO 6PIN CABLE
800-0039,CAB-1394B-4P9P-6,6FT 1394B 4PIN TO 9PIN CABLE
800-0040,CAB-1394B-6P9P-6,6FT 1394B 6PIN TO 9PIN CABLE
800-0041,CAB-AD-DPM-DVIF,DISPLAY PT MALE TO DVI FEMALE
800-0042,CAB-AD-DPM-HDMIF,DISPLAY PORT MALE TO HDMIFEMAL
800-0043,CAB-AD-DPM-VGAF,DISPLAY PORT MALE TO VGA FEMAL
800-0044,CAB-AD-MDPM-DVIF,MINI DISPLAYPORT TO DVI FEMALE
800-0045,CAB-AD-MDPM-HDMIF,MINI DISPLAYPORT TO HDMI FEM
800-0046,CAB-AD-MDPM-VGAF,MINI DISPLAYPORT TO VGA FEMALE
800-0047,CAB-AD-MUSBF-MICUSBM,MINI USB FEMALE TO MICRO MALE
800-0048,CAB-ADPT-20F-24M,20PIN FEMALE TO 24PIN MALE
800-0049,CAB-ADPT-20M-24F,20PIN MALE TO 24PIN FEMALE
800-0050,CAB-ADPT-24F-20M,24PIN FEMALE TO 20PIN MALE
800-0051,CAB-ADPT-AD-DVI,DVI TO 15PIN VGA ADAPTER
800-0052,CAB-ADPT-PS2-USB,PS2 FEMALE TO USB MALE ADAPTER
800-0053,CAB-ADPT-USB-PS2,USB FEMALE TO PS2 MALE ADAPTER
800-0054,CAB-AD-USBBF-MINUSBM,USB B FEMALE TO MINI USB MALE
800-0055,CAB-AD-USBF-MICUSBM,USB FEMALE TO MICRO USB MALE
800-0056,CAB-AUD-1F-2M,AUDIO SPLITER 1 FEML TO 2 MALE
800-0057,CAB-AUD-1M-2F,AUDIO SPLITER 1 MALE TO 2 FML
800-0058,CAB-AUD-MF-12FT,12FEET MALE TO FEMALE AUDIO
800-0059,CAB-AUD-MF-25FT,25 F00T MALE TO FEMALE AUDIO
800-0060,CAB-AUD-MF-6FT,6FEET MALE TO FEMALE AUDIO CBL
800-0061,CAB-AUD-MM-12FT,12FEET MALE TO MALE AUDIO CBL
800-0062,CAB-AUD-MM-6FT,6FEET MALE TO MALE AUDIO CBL
800-0063,CAB-BY-AD-DPVGA-005,BYTECC DISPLAY PORT TO VGA
800-0064,CAB-CAT5-10FT,10 FOOT CAT5 PATCH CABLE
800-0065,CAB-CAT5-14FT,14 FOOT CAT5 PATCH CABLE
800-0066,CAB-CAT5-1FT,1 FOOT CAT5 PATCH CABLE
800-0067,CAB-CAT5-2FT,2 FOOT CAT5 PATCH CABLE
800-0068,CAB-CAT5-5FT,5 FOOT CAT5 PATCH CABLE
800-0069,CAB-CAT5-75FT,75 FOOT CAT5 PATCH CABLE
800-0070,CAB-CAT5-7FT,7 FOOT CAT5 PATCH CABLE
800-0071,CAB-CAT6-100FT,100 FOOT CAT6 PATCH CABLE
800-0072,CAB-CAT6-10FT,10 FOOT CAT6 PATCH CABLE
800-0073,CAB-CAT6-25FT,25 FOOT CAT6 PATCH CABLE
800-0074,CAB-CAT6-3FT,3 FOOT CAT6 PATCH CABLE
800-0075,CAB-CAT6-50FT,50 FOOT CAT6 PATCH CABLE
800-0076,CAB-CAT6-5FT,5 FOOT BLUE CAT6 PATCH CABLE
800-0077,CAB-CAT6-75FT,75 FOOT CAT6 PATCH CABLE
800-0078,CAB-CAT6-7FT,7 FOOT CAT6 PATCH CABLE
800-0079,CAB-CG-F59-VAL-MM100,CABLES TO GO F-TYPE RG59 100FT
800-0080,CAB-CG-MO-6P6C-E-10,10 PACK 6P6C MODULAR PLUG ENDS
800-0081,CAB-DVI-DVI-10F,10FT DVI TO DVI DUAL LINK CBLE
800-0082,CAB-DVI-DVI-15F,15FT DVI TO DVI DUAL LINK CBLE
800-0083,CAB-DVI-HDMI,DVI MALE TO HDMI FEMALE CNVT
800-0084,CAB-DVI-HDMI-16F,16FT DVI TO HDMI CABLE
800-0085,CAB-DVI-HDMI-6F,6FT DVI TO HDMI CABLE
800-0086,CAB-EC-EC-DF001,EVERCOOL FAN CABLE ADAPTER
800-0087,CAB-EC-EC-DF003,EVERCOOL FAN CABLE ADAPTER
800-0088,CAB-FDD-R-18,FDD ROUND 18 INCH CABLE
800-0089,CAB-FDD-R-UV-18,FDD ROUND 18 BLUE UV CABLE
800-0090,CAB-GC-83168,VGA IN TO HDMI OUT CONVERTER
800-0091,CAB-GC-83269-1,HDMI TO COMPOSITE VIDEO BLACK
800-0092,CAB-GC-83269-2,HDMI TO COMPOSITE VIDEO WHITE
800-0093,CAB-GC-83515,HDMI IN TO VGA OUT CONVERTER
800-0094,CAB-GC-83518,HDMI MALE TO DUAL HDMI FEMALE
800-0095,CAB-GC-83601,6FT VGA TO HDMI CABLE
800-0096,CAB-GC-83636,1.5M HDMI TO RCA COMPOSITE
800-0097,CAB-GC-83639,MINI DISPLAYPORT M TO HDMI FM
800-0098,CAB-GC-83669,MINI DISPLAYPORT M TO HDMI M
800-0099,CAB-GC-83671,MINI DISPLAYPORT MULTI ADAPTER
800-0100,CAB-HDMI-DVI,HDMI MALE TO DVI FEMALE CNVT
800-0101,CAB-HDMI-HMIC1.4-10F,10FT V1.4 HDMI TO HDMI MICRO
800-0102,CAB-HDMI-HMIC1.4-15F,15FT V1.4 HDMI TO HDMI MICRO
800-0103,CAB-HDMI-HMIC1.4-3F,3FT V1.4 HDMI TO HDMI MICRO
800-0104,CAB-HDMI-HMIC1.4-6F,6FT V1.4 HDMI TO HDMI MICRO
800-0105,CAB-HDMI-HMIN1.4-6F,6FT V1.4 HDMI TO HDMI MINI
800-0106,CAB-HDMI-V1.3-12F,12FT HDMI VERSION 1.3 CABLE
800-0107,CAB-HDMI-V1.3-25F,25FT HDMI VERSION 1.3 CABLE
800-0108,CAB-HDMI-V1.4-10F,10FT HDMI VERSION 1.4 CABLE
800-0109,CAB-HDMI-V1.4-15F,15FT HDMI VERSION 1.4 CABLE
800-0110,CAB-HDMI-V1.4-3F,3FT HDMI VERSION 1.4 CABLE
800-0111,CAB-HDMI-V1.4-3F-FLT,3FT FLAT HDMI 1.4 CABLE
800-0112,CAB-HDMI-V1.4-6F,6FT HDMI VERSION 1.4 CABLE
800-0113,CAB-IDE-ATA133,ATA 133 IDE CABLE
800-0114,CAB-IO-GVE200,IOGEAR DVI-D VIDEO EXTENDER
800-0115,CAB-KS-KJ-12-TL-W,RJ12 KEYSTONE JACK WHITE
800-0116,CAB-KS-WP-1P-W,1PORT KEYSTONE WALLPLATE WHITE
800-0117,CAB-LD-3PIN-POW-Y,3 PIN FAN POWER Y CABLE
800-0118,CAB-LD-ADPT-SAF-4PM,SATA FEMALE TO 4PIN MALE ADAPT
800-0119,CAB-LD-ADPT-SAM-4PF,SATA MALE TO 4PIN FEMALE ADAPT
800-0120,CAB-LD-CAT6-3FT-M-U,3 FOOT BLUE CAT6 PATCH CABLE
800-0121,CAB-LD-CAT6-7FT-M-U,7 FOOT BLUE CAT6 PATCH CABLE
800-0122,CAB-LD-COMP-12FT,12 FOOT COMPONENT CABLE
800-0123,CAB-LD-COMP-25FT,25 FOOT COMPONENT CABLE
800-0124,CAB-LD-DVI-DVI-10F,10FT DVI TO DVI DUAL LINK CBLE
800-0125,CAB-LD-DVI-DVI-15F,15FT DVI TO DVI DUAL LINK CBLE
800-0126,CAB-LD-DVI-HDMI-10F,10FT DVI TO HDMI CABLE
800-0127,CAB-LD-DVI-HDMI-6F,6FT DVI TO HDMI CABLE
800-0128,CAB-LD-ESATA-SATA-3U,3FT ESATA TO SATA CABLE
800-0129,CAB-LD-ESATA-SATA-6U,6FT ESATA TO SATA CABLE
800-0130,CAB-LD-ESAT-ESAT-3U,3FT ESATA TO ESATA CABLE
800-0131,CAB-LD-MOL-4PIN-Y-LE,4 PIN Y CABLE WITH LED
800-0132,CAB-LD-MOLEX-8PIN,4 PIN MOLEX TO 8 PIN ADAPTER
800-0133,CAB-LD-MOLEX-PCIX,MOLEX TO PCI-X ADAPTER
800-0134,CAB-LD-SA2-15-UV-90R,1.5FT 90  RED UV SATA2 CABLE
800-0135,CAB-LD-SA2-15-UV-90U,1.5FT 90  BLUE UV SATA2 CABLE
800-0136,CAB-LD-SA2-15-UV-U,1.5FT BLUE UV SATA2 CABLE
800-0137,CAB-LD-SA2-3-UV-90U,3FT 90  BLUE UV SATA2 CABLE
800-0138,CAB-LD-SA2-3-UV-U,3FT BLUE UV SATA2 CABLE
800-0139,CAB-LD-SA3-0.5M,0.5 METER (1.64FT) SATA 3 CBL
800-0140,CAB-LD-SA3-1M,1 METER (3.28FT) SATA 3 CBL
800-0141,CAB-LD-SA3L-0.5M,0.5M (1.64FT) SATA 3 RT ANGLE
800-0142,CAB-LD-SATA-18-RA90,18IN SATA CBL 90 DEGREE ANGLE
800-0143,CAB-LD-SATA-POW-16-Y,16INCH SATA POWER Y-CABLE
800-0144,CAB-LD-SATA-POW-6-UV,6INCH SATA POWER UV CABLE
800-0145,CAB-LD-SATA-POW-6-Y,6INCH SATA POWER Y-CABLE
800-0146,CAB-LD-SATA-POWER,SATA POWER ADAPTER
800-0147,CAB-LD-SATA-POWER-DU,SATA DUAL POWER ADAPTER
800-0148,CAB-LD-USB-10FT-AB,USB CABLE A TO B 10 FEET
800-0149,CAB-LD-USB-15FT-AB,USB CABLE A TO B 15 FEET
800-0150,CAB-LD-USB-15FT-AEX,15FT USB ACTIVE EXTENSION
800-0151,CAB-LD-USB-6FT-AB,USB CABLE A TO B 6 FEET
800-0152,CAB-LD-USBL-10-AB-G,10FT GREEN LED USB CABLE
800-0153,CAB-LD-USBL-10-AB-R,10FT RED LED USB CABLE
800-0154,CAB-LD-USBL-10-AB-U,10FT BLUE LED USB CABLE
800-0155,CAB-LD-USBL-10-EXT-G,10FT GREEN LED USB EXTENTION
800-0156,CAB-LD-USBL-10-EXT-U,10FT BLUE LED USB EXTENTION
800-0157,CAB-LD-USBL-6-AB-R,6FT RED LED USB CABLE
800-0158,CAB-LD-USBL-6-AB-U,6FT BLUE LED USB CABLE
800-0159,CAB-LD-USB-PARALLEL,6FT USB TO PARALLEL CABLE
800-0160,CAB-LD-USB-PS2,USB TO PS2 CONVERTER CABLE
800-0161,CAB-LD-USB-SERIAL,USB TO SERIAL CABLE DB9
800-0162,CAB-MO-6P2C-ST-6,6 FOOT 6P2C STRAIGHT MODULAR
800-0163,CAB-MOLEX-4PIN-Y,4 PIN MOLEX POWER Y CABLE
800-0164,CAB-PCI-2USB3,2xUSB3.0 PORT PCI BRACKET
800-0165,CAB-PCI-SERIAL,SERIAL PCI HEADER BRACKET
800-0166,CAB-POWER-3PIN,STANDARD 3 PIN POWER CABLE
800-0167,CAB-POWER-EXT-12F,12 FOOT POWER CORD EXTENSION
800-0168,CAB-POWER-EXT-6F,6 FOOT POWER CORD EXTENSION
800-0169,CAB-POWER-NTBK-2PIN8,2PIN PWR CABLE W/FIGURE 8 END
800-0170,CAB-POWER-NTBK-3PIN,3 PIN POWER CABLE
800-0171,CAB-PRU-PWI-2535-IDE,PRUDENT WAY 2.5in TO 3.5in IDE
800-0172,CAB-PRU-PWI-HDMI-VGA,PRUDENT WAY HDMI TO VGA
800-0173,CAB-PRU-PWI-U2-2535,PRUDENT WAY USB2.0 TO IDE/SATA
800-0174,CAB-PRU-PWI-U3-HDA,USB3.0 TO HDMI/DVI
800-0175,CAB-PRU-PWI-U3-IDSA,PRUDENT WAY IDE/SATA TO USB3.0
800-0176,CAB-PRU-PWI-USB-DB25,PRUDENT WAY USB 2.0 TO DB25
800-0177,CAB-PRU-PWI-USB-EX16,PRUDENT WAY ACTIVE 16FT EXT
800-0178,CAB-PRU-PWI-USB-EX32,PRUDENT WAY ACTIVE 32FT EXT
800-0179,CAB-PRU-PWI-USB-HDV,USB2.0 TO HDMI/DVI/VGA
800-0180,CAB-PRU-PWI-USB-OE,PRUDENT WAY USB OVER ETHERNET
800-0181,CAB-PRU-PWI-USB-PARA,PRUDENT WAY USB2.0 TO IEEE1284
800-0182,CAB-PRU-PWI-USB-PS2,PRUDENT WAY USB2.0 TO DUAL PS2
800-0183,CAB-PRU-PWI-USB-R232,PRUDENT WAY USB2.0 TO RS232
800-0184,CAB-PRU-PWI-VGA-HDMI,PRUDENT WAY VGA TO HDMI
800-0185,CAB-PS2-10FT-EXT,10FT PS2 EXTENTION CABLE
800-0186,CAB-PS2-6FT-EXT,6FT PS2 EXTENTION CABLE
800-0187,CAB-PU-84909-1,POWER UP 1 M LIGHTNING GOLD
800-0187_Bl,HE-EB-VJ-RAB-U,VOJO RABBIT EARBUD SLEEVE BLU
800-0187_Gr,HE-EB-VJ-RAB-GRN,VOJO RABBIT EARBUD SLEEVE GRN
800-0187_Gy,HE-EB-VJ-RAB-GY,VOJO RABBIT EARBUD SLEEVE GRE
800-0187_Org,HE-EB-VJ-RAB-OR,VOJO RABBIT EARBUD SLEEVE ORG
800-0187_Pk,HE-EB-VJ-RAB-PK,VOJO RABBIT EARBUD SLEEVE PNK
800-0187_Pr,HE-EB-VJ-RAB-PUR,VOJO RABBIT EARBUD SLEEVE PUR
800-0187_Rd,HE-EB-VJ-RAB-RED,VOJO RABBIT EARBUD SLEEVE RED
800-0187_Ylw,HE-EB-VJ-RAB-YEL,VOJO RABBIT EARBUD SLEEVE YEL
800-0187_Bl,HE-EB-VJ-RAB-U,
800-0187_Gr,HE-EB-VJ-RAB-GRN,
800-0187_Org,HE-EB-VJ-RAB-OR,
800-0187_Pk,HE-EB-VJ-RAB-PK,
800-0187_Pr,HE-EB-VJ-RAB-PUR,
800-0187_Rd,HE-EB-VJ-RAB-RED,
800-0187_Ylw,HE-EB-VJ-RAB-YEL,
800-0188,CAB-PU-84909-2,POWER UP 1 M LIGHTNING GREY
800-0188_Bk,HE-EB-VTK-81740-6,VIOTEK WIRELESS EARBUDS BLK
800-0188_Bl,HE-EB-VTK-81740-10,VIOTEK WIRELESS EARBUDS BLUE
800-0188_Gld,HE-EB-VTK-81740-7,VIOTEK WIRELESS EARBUDS GOLD
800-0188_Rd,HE-EB-VTK-81740-8,VIOTEK WIRELESS EARBUDS RED
800-0188_Bk,HE-EB-VTK-81740-6,
800-0188_Bl,HE-EB-VTK-81740-10,
800-0188_Gld,HE-EB-VTK-81740-7,
800-0188_Rd,HE-EB-VTK-81740-8,
800-0189,CAB-PU-84909-3,POWER UP 1 M LIGHTNING SILVER
800-0189_1,HE-GC-IP-83811,IPEGA BLUETOOTH GAME CONTROLLE
800-0189_2,HE-GC-IP-83812,IPEGA BLUETOOTH GAME CONTROLLE
800-0189_3,HE-GC-IP-83814,IPEGA BLUETOOTH GAME CONTROLLE
800-0189_1,HE-GC-IP-83811,
800-0189_3,HE-GC-IP-83814,
800-0190,CAB-PU-84914-1,POWER UP 3 M LIGHTNING BLACK
800-0190_38,HE-SW-83315-1,38MM SCREEN PROTECTOR
800-0190_42,HE-SW-83315-2,42MM SCREEN PROTECTOR
800-0190_38,HE-SW-83315-1,
800-0190_42,HE-SW-83315-2,
800-0191,CAB-PU-84914-2,POWER UP 3 M LIGHTNING GREEN
800-0191_Bk,HG-AA-DRIN007S-BLK,ARTIART SPILL FREE MUG BLACK
800-0191_Bl,HG-AA-DRIN007S-BLU,ARTIART SPILL FREE MUG BLUE
800-0191_Gr,HG-AA-DRIN007S-GRN,ARTIART SPILL FREE MUG GREEN
800-0191_Bk,HG-AA-DRIN007S-BLK,
800-0191_Gr,HG-AA-DRIN007S-GRN,
800-0192,CAB-PU-84914-3,POWER UP 3 M LIGHTNING BLUE
800-0192_Gr,HG-AA-DRIN010N-G,ARTIART NUTRI AQUABOTTLE GRN
800-0192_Org,HG-AA-DRIN007S-O,ARTIART NUTRI AQUABOTTLE ORNG
800-0192_Pk,HG-AA-DRIN007S-P,ARTIART NUTRI AQUABOTTLE PINK
800-0192_Org,HG-AA-DRIN007S-O,
800-0192_Pk,HG-AA-DRIN007S-P,
800-0193,CAB-PU-84914-4,POWER UP 3 M LIGHTNING PINK
800-0193_Bl,HG-AA-DRIN012S-BLK,ARTIART SPILL FREE MUG BLACK
800-0193_Rd,HG-AA-DRIN012S-RED,ARTIART SPILL FREE MUG RED
800-0193_Bl,HG-AA-DRIN012S-BLK,
800-0194,CAB-PU-84914-5,POWER UP 3 M LIGHTNING WHITE
800-0194_Pk,HG-GC-83993-2,12 LACE CAKE BORDER PINK
800-0194_Pr,HG-GC-83993-3,12 LACE CAKE BORDER PURPLE
800-0194_Rd,HG-GC-83993-4,12 LACE CAKE BORDER RED
800-0194_Wht,HG-GC-83993-1,12 LACE CAKE BORDER WHITE
800-0194_Pk,HG-GC-83993-2,
800-0194_Pr,HG-GC-83993-3,
800-0194_Rd,HG-GC-83993-4,
800-0195,CAB-PW-4PIN-4PIN,PS 4PIN TO P4 MB 4PIN CONVERTE
800-0196,CAB-RG-R12-43179,RAYGO SATA TO IDE CONVERTER
800-0197,CAB-RJ45-COUPLER,RJ45 COUPLER FOR CAT5 CABLES
800-0198,CAB-RJ45-END,RJ45 END FOR CAT5 CABLES
800-0199,CAB-RJ45-END-100P,RJ45 END F CAT5 CABLES 100PACK
800-0200,CAB-SATA-12,12 INCH SATA CABLE
800-0201,CAB-SATA-18,18 INCH SATA CABLE
800-0202,CAB-SATA-POWER,4PIN POWER TO SATA ADPT CABLE
800-0203,CAB-SLI-BRIDGE,GENERIC SLI BRIDGE CABLE
800-0204,CAB-ST-PLATE25F16,STARTECH PARALLEL HEADER PLATE
800-0205,CAB-SVIDEO-6F,6FT S-VIDEO CABLE
800-0206,CAB-TOS-MM3,3 FOOT MALE TO MALE TOSLINK
800-0207,CAB-TP-ANT24EC12N,TP-LINK 12M ANTENNA EXT CABLE
800-0208,CAB-TP-ANT24EC3S,TP-LINK 3M ANTENNA EXT CABLE
800-0209,CAB-TP-ANT24EC5S,TP-LINK 5M ANTENNA EXT CABLE
800-0210,CAB-TP-ANT24EC6N,TP-LINK 6M ANTENNA EXT CABLE
800-0211,CAB-USB-10FT-AB,USB CABLE A TO B 10 FEET
800-0212,CAB-USB-10FT-A-MINIB,10FT USB CABLE A TO MINI B
800-0213,CAB-USB-10FT-EXT,10FT USB EXTENTION CABLE
800-0214,CAB-USB-15FT-AB,USB CABLE A TO B 15 FEET
800-0215,CAB-USB-15FT-A-MINIB,15FT USB CABLE A TO MINI B
800-0216,CAB-USB-15FT-EXT-RE,15FT USB EXTENTION CAB
800-0217,CAB-USB3-10FT-AA,10FT A TO A USB3.0 CABLE
800-0218,CAB-USB3-10FT-A-MICB,10FT USB3 CABLE A TO MICRO B
800-0219,CAB-USB3-3FT-AA,3FT A TO A USB3.0 CABLE
800-0220,CAB-USB3-3FT-A-MICB,3FT USB3 CABLE A TO MICRO B
800-0221,CAB-USB3-6FT-AA,6FT A TO A USB3.0 CABLE
800-0222,CAB-USB3-6FT-AB,6FT A TO B USB3.0 CABLE
800-0223,CAB-USB-3FT-AA,USB CABLE A TO A 3 FEET
800-0224,CAB-USB-3FT-AB,USB CABLE A TO B 3 FEET
800-0225,CAB-USB-3FT-A-MICB,3FT USB CABLE A TO MICRO B
800-0226,CAB-USB-3FT-A-MINIB,3FT USB CABLE A TO MINI B
800-0227,CAB-USB-6FT,6FT USB CABLE A TO B
800-0228,CAB-USB-6FT-AA,6FT A TO A MALE USB CABLE
800-0229,CAB-USB-6FT-A-MICB,6FT USB CABLE A TO MICRO B
800-0230,CAB-USB-6FT-A-MINIB,6FT USB CABLE A TO MINI B
800-0231,CAB-USB-6FT-EXT,6FT USB EXTENTION CABLE
800-0232,CAB-USB-9IN-A-MINIB,9 INCH USB CABLE A TO MINI B
800-0233,CAB-USB-IDE,ENCLOSURE REPLACEMENT
800-0234,CAB-USB-IDE-SATA,ENCLOSURE REPLACEMENT
800-0235,CAB-VGA-10F,10 FOOT VGA CABLE
800-0236,CAB-VGA-50F,50 FOOT VGA CABLE
800-0237,CAB-VGA-6F,6 FOOT VGA CABLE
800-0238,CAB-VGA-EXTN-10F,10 FOOT VGA EXTENSION CABLE
800-0239,CAB-VGA-EXTN-50F,50 FOOT VGA EXTENSION CABLE
800-0240,CAB-VJ-IMAG3-GY,VOJO IMAGNET LIGHTNING GREY
800-0241,CAB-VJ-IMAG3-U,VOJO IMAGNET LIGHTNING BLUE
800-0242,CAB-VJ-MAG3-LG,VOJO MAGNET MICRO USB LIME GN
800-0243,CAB-VJ-MAG3-OR,VOJO MAGNET MICRO USB ORANGE
800-0244,CAB-VJ-MAG3-PK,VOJO MAGNET MICRO USB PINK
800-0245,CASM-FX-MTX-350W-BS,FOXCONN 350W MICRO ATX CASE
800-0246,CAS-MSI-IN-623-F,MSI RAVAGER ATX MID TOWER
800-0247,CAS-MSI-IN-9390-F,MSI NIGHTHAWK ATX MID TOWER
800-0248,CASRM-T8-2U-T8KD19,TAB 8 2U KEYBOARD TRAY
800-0249,CAS-TH-1A400M1WN,THERMALTAKE URBAN T21
800-0250,CAS-TH-1A400M1WN-OB,THERMALTAKE URBAN T21
800-0250,CAS-TH-1A400M1WN-OB,THERMALTAKE URBAN T21
800-0251,CAS-TH-VL80001W2Z,THERMALTAKE V3 BLACK
800-0252,CAS-TH-VL800P1W2N,THERMALTAKE V3 AMD EDITION
800-0253,CAS-TH-VN400A1W2NB,THERMALTAKE COMMANDER MS-I
800-0254,CAS-ULT-U12-42378,ULTRA TORQUE X1 MID TOWER
800-0255,CAS-VTK-365,VIOTEK 365 MID-TOWER
800-0256,CAS-VTK-HAPPY-35,VIOTEK HAPPY 35 MID-TOWER
800-0257,CAS-VTK-HAPPY-36,VIOTEK HAPPY 36 MID-TOWER
800-0258,CC-ER-BK-F8N718-C02,VERVE TAB FOLIO FOR KINDLE PR
800-0259,CC-MC-LD-CARRY-CASE,LINK DEPOT MEMORY CARD CASE
800-0260,CC-NB-MS-G34-N1XBS19,MSI MESH NETBOOK CASE BLUE
800-0261,CC-NB-MS-G34-N1XCS19,MSI MESH NETBOOK CASE PINK
800-0262,CC-NB-TG-TSS59504UST,TARGUS TWEED SLIPCASE
800-0263,CC-NB-TG-TTL400,TARGUS TL DELUXE CASE
800-0264,CC-TAB-BK-F8N724-C01,GRIP SLEEVE FOR KINDLE FIRE PK
800-0265,CC-TAB-D2-ACK900A-BK,D2 MICRO USB KB CASE BLACK
800-0266,CC-TAB-D2-ACK900A-BL,D2 MICRO USB KB CASE BLUE
800-0267,CC-TAB-D2-ACK900A-PK,D2 MICRO USB KB CASE PINK
800-0268,CC-TAB-D2-ACK900A-WH,D2 MICRO USB KB CASE WHITE
800-0269,CC-TAB-GC-82789-3,IPAD MINI EVA CASE GREEN
800-0270,CC-TAB-GC-82791-3,IPAD 2/3/4 EVA CASE GREEN
800-0271,CC-TAB-GC-82792-3,IPAD 6 EVA CASE GREEN
800-0272,CC-TAB-GS-GC826-BK,GIGASET TABLET FOLIO CASE BLK
800-0273,CC-TAB-KBCASE-10,CASE/KEYBOARD FOR 10in TABLETS
800-0274,CC-TAB-LP-AC201BK,LEPAN TABLET SLEEVE BLACK
800-0275,CC-TAB-LP-AC201GN,LEPAN TABLET SLEEVE GREEN
800-0276,CC-TAB-LP-AC201PK,LEPAN TABLET SLEEVE PINK
800-0277,CC-TAB-LP-BK-816-BR,LEPAN CASE AND KEYBOARD BROWN
800-0278,CC-TAB-LP-BK816BR-OB,LEPAN CASE AND KEYBOARD BROWN
800-0279,CC-TAB-LP-BK-816-GR,LEPAN CASE AND KEYBOARD GREEN
800-0280,CC-TAB-LP-BK816GR-OB,LEPAN CASE AND KEYBOARD GREEN
800-0281,CC-TAB-LP-BK-816-OR,LEPAN CASE AND KEYBOARD ORNG
800-0282,CC-TAB-LP-BK816OR-OB,LEPAN CASE AND KEYBOARD ORNG
800-0283,CC-TAB-LP-BK-816-PK,LEPAN CASE AND KEYBOARD PINK
800-0284,CC-TAB-LP-BK816PK-OB,LEPAN CASE AND KEYBOARD PINK
800-0285,CEA-A-IP4-TG-SP,IPHONE4 4S SCREEN PROTECT
800-0286,CEA-A-IP5-TG-SP,IPHONE5 5S 5C SCREEN PROTECT
800-0287,CEA-A-IP6PL-TG-SP,IPHONE6+TEMPERED GLASS SCREEN
800-0288,CEA-A-IP6-TG-SP,IPHONE6 TEMPERED GLASS SCREEN
800-0289,CEA-A-IP-PQ-6PCB-001,PQI IPHONE/IPAD SYNC AND CHARG
800-0290,CEA-AL-ALCSHR13260,ALCATEL ONE TOUCH FIERCE 2 PUR
800-0291,CEA-AL-ALCSHR13261,ALCATEL ONE TOUCH FIERCE 2 PK
800-0292,CEA-AP-VTK-IC30BK,VIOTEK ICLIK CAM REMOTE CONTRL
800-0293,CEA-GC-82354-WT,EXTERNAL BAT CASE FOR IPHONE6+
800-0294,CEA-GC-82355-BK,EXTERNAL BAT CASE FOR IPHONE6+
800-0295,CEA-GC-82356-BK,EXTERNAL BAT CASE FOR IPHONE6
800-0296,CEA-GC-82420-1,GENERIC TPU CASE FOR IPHONE 6
800-0297,CEA-GC-82420-2,GENERIC TPU CASE FOR IPHONE 6+
800-0298,CEA-GC-82515-2,BLUETOOTH SELFIE STICK BLACK
800-0299,CEA-GC-82515-4,BLUETOOTH SELFIE STICK BLUE
800-0300,CEA-GC-82529-1,GENERIC TPU CASE FOR IPHONE 6+
800-0301,CEA-GC-82529-2,GENERIC TPU CASE FOR IPHONE 6+
800-0302,CEA-GC-82529-3,GENERIC TPU CASE FOR IPHONE 6+
800-0303,CEA-GC-82529-4,GENERIC TPU CASE FOR IPHONE 6+
800-0304,CEA-GC-82529-5,GENERIC TPU CASE FOR IPHONE 6+
800-0305,CEA-GC-82535-1,GENERIC TPU CASE FOR IPHONE 6
800-0306,CEA-GC-82535-2,GENERIC TPU CASE FOR IPHONE 6
800-0307,CEA-GC-82535-3,GENERIC TPU CASE FOR IPHONE 6
800-0308,CEA-GC-82535-4,GENERIC TPU CASE FOR IPHONE 6
800-0309,CEA-GC-82535-5,GENERIC TPU CASE FOR IPHONE 6
800-0310,CEA-GC-82536-1,GENERIC TPU CASE FOR IPHONE 6
800-0311,CEA-GC-82536-2,GENERIC TPU CASE FOR IPHONE 6
800-0312,CEA-GC-82536-4,GENERIC TPU CASE FOR IPHONE 6
800-0313,CEA-GC-82536-5,GENERIC TPU CASE FOR IPHONE 6
800-0314,CEA-GC-82536-6,GENERIC TPU CASE FOR IPHONE 6
800-0315,CEA-GC-82536-7,GENERIC TPU CASE FOR IPHONE 6
800-0316,CEA-GC-82538-1,GENERIC TPU CASE FOR IPHONE 6+
800-0317,CEA-GC-82538-2,GENERIC TPU CASE FOR IPHONE 6+
800-0318,CEA-GC-82538-4,GENERIC TPU CASE FOR IPHONE 6+
800-0319,CEA-GC-82538-5,GENERIC TPU CASE FOR IPHONE 6+
800-0320,CEA-GC-82538-6,GENERIC TPU CASE FOR IPHONE 6+
800-0321,CEA-GC-82538-7,GENERIC TPU CASE FOR IPHONE 6+
800-0322,CEA-GC-83212-3,MAGIC SMART NFC RING 60MM BLK
800-0323,CEA-GC-83264-2,PRIVACY FILM FOR IPHONE 6 PLUS
800-0324,CEA-GC-83272-2,PRIVACY FILM FOR IPHONE 6
800-0325,CEA-GC-83284-2,PRIVACY FILM FOR NOTE 4
800-0326,CEA-GC-83291-2,PRIVACY FILM FOR NOTE 3
800-0327,CEA-GC-83293-2,PRIVACY FILM FOR GALAXY S5
800-0328,CEA-GC-83294-2,PRIVACY FILM FOR IPHONE 5
800-0329,CEA-GC-83295-2,PRIVACY FILM FOR GALAXY S3
800-0330,CEA-GC-83296-2,PRIVACY FILM FOR GALAXY S4
800-0331,CEA-GC-83320,IPHONE 6 SCREEN+DIGITIZER BLK
800-0332,CEA-GC-83320-2,IPHONE 6 SCREEN+DIGITIZER WHT
800-0333,CEA-GC-83334-BK,LC-B41 BLUETOOTH EARBUD
800-0334,CEA-GC-83843-1,PHONE HOLDER BLK
800-0335,CEA-GC-83843-2,PHONE HOLDER GREY
800-0336,CEA-GC-83843-3,PHONE HOLDER PURPLE
800-0337,CEA-GC-83843-4,PHONE HOLDER ORANGE
800-0338,CEA-GC-83843-5,PHONE HOLDER YELLOW
800-0339,CEA-GC-83843-6,PHONE HOLDER LIGHT BLUE
800-0340,CEA-GC-HL-1S,HOTLINE 1S
800-0341,CEA-QI-82357,QI CHARGER FOR LG G3
800-0342,CEA-QI-82358,QI CHARGER FOR GALAXY S5
800-0343,CEA-QI-82359,QI CHARGER FOR GALAXY NOTE 4
800-0344,CEA-QI-82360,QI CHARGER FOR GALAXY NOTE 3
800-0345,CEA-QI-82361,QI CHARGING TRANSMITTER
800-0346,CEA-QI-82361-OB,QI CHARGING TRANSMITTER
800-0347,CEA-QI-83327,QI CHARGER FOR GALAXY S4
800-0348,CEA-QI-83329,QI CHARGER FOR NOTE EDGE
800-0349,CEA-TY-APPCLA11493,TEKYA IPHONE VEHICLE CHARGER
800-0350,CEA-TY-UNIACTP11820,TEKYA MICRO USB WALL CHARGER
800-0351,CEA-VTK-82363-WT,VIOTEK IP-68 CASE FOR IPHONE6+
800-0352,CEA-VTK-82364-BK,VIOTEK IP-68 CASE FOR IPHONE6+
800-0353,CEA-VTK-82366-WT,VIOTEK IP-68 CASE FOR IPHONE6
800-0354,CEA-VTK-82368-BK,VIOTEK IP-68 CASE FOR IPHONE6
800-0355,CEA-VTK-82369-BK,VIOTEK IP-68 CASE FOR GALAXYS5
800-0356,CEA-VTK-82370-BK,VIOTEK IP-68 CASE FOR NOTE 4
800-0357,CEA-VTK-82371-WT,VIOTEK IP-68 CASE FOR IPHONE6+
800-0358,CEA-VTK-82375-BK,VIOTEK IP-68 CASE FOR IPHONE6+
800-0359,CEA-VTK-82378-WT,VIOTEK IP-68 CASE FOR IPHONE6
800-0360,CEA-VTK-82380-BK,VIOTEK IP-68 CASE FOR IPHONE6
800-0361,CEA-VTK-83380-19,VIOTEK EYEGUARD FOR NOTE 4
800-0362,CEA-VTK-83380-21,VIOTEK EYEGUARD FOR IPHONE 6
800-0363,CEA-VTK-83380-22,VIOTEK EYEGUARD FOR IPHONE 6+
800-0364,CEA-VTK-83380-4,VIOTEK EYEGUARD FOR IPHONE 5
800-0365,CEA-VTK-83380-6,VIOTEK EYEGUARD FOR GALAXY S5
800-0366,CEA-VTK-83380-7,VIOTEK EYEGUARD FOR GALAXY S6
800-0367,CEL-GC-81627-1-BK,X6 UNLOCKED BLACK
800-0368,CEL-GC-81633-1-BK,G9006W ANDROID UNLOCKED BLACK
800-0369,CEL-GC-81633-2-WH,G9006W ANDROID UNLOCKED WHITE
800-0370,CEL-GC-81636-1-BK,F-G906 ANDROID UNLOCKED BLACK
800-0371,CEL-GC-81636-2-WH,F-G906 ANDROID UNLOCKED WHITE
800-0372,CEL-GC-81638-1-BK,G900W ANDROID UNLOCKED BLACK
800-0373,CEL-GC-81675-1-BK,A8 ANDROID UNLOCKED BLACK
800-0374,CEL-GC-81720-1-BK,HUMMER H5 ANDROID UNLOCKED BK
800-0375,CEL-GC-82730-1-BK,DG310  ANDROID UNLOCKED BLACK
800-0376,CEL-GC-82730-2-WH,DG310  ANDROID UNLOCKED WHITE
800-0377,CEL-GC-82803-1-BK,HUAWEI HONOR 6 BLACK
800-0378,CEL-GC-82803-2-WH,HUAWEI HONOR 6 WHITE
800-0379,CEL-HTC-ADR6400,HTC THUNDERBOLT
800-0380,CEL-M-A555,Motorola A555 Devour
800-0381,CEL-PALM-P101,Palm Pre Plus Phone
800-0382,CEL-RIM-8830-F-R,Blackberry World Ediction Red
800-0383,CNN-BNCM-CRIMP,CRIMP ON BNC MALE CONNECTOR
800-0384,CNT-BT-AZ-BTDV-201,AZIO BTDV-201 MICRO BLUETOOTH
800-0385,CNT-BT-AZ-BTD-V401,AZIO BTD-V401 MICRO BLUETOOTH
800-0386,CNT-FW-SY-PEX30016,SYBA PCIE 3 PORT FIREWIRE CARD
800-0387,CNTL-USB3-DT-EN4732A,DIABLOTEK EN4732A USB3.0 CARD
800-0388,CNT-PARA-ST-PEX1P,STARTECH 1PORT PCIEX PARALLEL
800-0389,CNT-RAID-SATA-SI3114,SILICON IMAGE 4 PORT SATA RAID
800-0390,CNT-SATA-SI-PEX40064,SYBA 4PORT SATAIII PCIe x1
800-0391,CNT-USB2-ELE-UB-2105,ELEMENTS 5 PORT USB 2.0 PCI
800-0392,CNT-USB2-SY-PEX20019,SYBA 5 PORT USB 2.0 PCIE
800-0393,CNT-USB3-SY-PEX20122,SYBA 2 PORT USB 3.0 PCIe x1
800-0394,CPU-1150-4150R,INTEL SKT 1150 CORE I3-4150
800-0395,CPU-1150-4330R,INTEL SKT 1150 CORE I3-4330
800-0396,CPU-1150-4350R,INTEL SKT 1150 CORE I3-4350
800-0397,CPU-1150-4430R,INTEL SKT 1150 CORE I5-4430
800-0398,CPU-1150-4460R,INTEL SKT 1150 CORE I5-4460
800-0399,CPU-1150-4590R,INTEL SKT 1150 CORE I5-4590
800-0400,CPU-1150-4790KR,INTEL SKT 1150 CORE I7-4790K
800-0401,CPU-1150-G3220R,INTEL SKT 1150 PENTIUM G3220
800-0402,CPU-1150-G3250R,INTEL SKT 1150 PENTIUM G3250
800-0403,CPU-1150-G3258R,INTEL SKT 1150 PENTIUM G3258
800-0404,CPU-1150-G3420R,INTEL SKT 1150 PENTIUM G3420
800-0405,CPU-1155-3220R,INTEL SKT 1155 CORE I3-3220
800-0406,CPU-1155-3250R,INTEL SKT 1155 CORE I3-3250
800-0407,CPU-1155-G1610R,INTEL SKT 1155 CELERON G1610
800-0408,CPU-1155-G2030-OB,INTEL SKT 1155 PENTIUM G2030
800-0409,CPU-1155-G2030R,INTEL SKT 1155 PENTIUM G2030
800-0410,CPU-775-PDC-820-P,PD-820 2.80 800MHz 2x2MB SK775
800-0411,CPU-AM3-FX-4300BR,AMD AM3+ FX 4300 BLACK EDITION
800-0412,CPU-AM3-FX-6300BR,AMD AM3+ FX 6300 BLACK EDITION
800-0413,CPU-AM3-FX-8320BR,AMD AM3+ FX 8320 BLACK EDITION
800-0414,CPU-AM3-FX-8350BR,AMD AM3+ FX 8350 BLACK EDITION
800-0415,CPU-AM3-FX-9370BR,AMD AM3+ FX 9370 BLACK EDITION
800-0416,CPU-AM3-FX-9590BR,AMD AM3+ FX 9590 BLACK EDITION
800-0417,CPU-AM3-PH2-565BR,AMD AM3 PHENOM2 X2 565 3.4GHz
800-0418,CPU-AM3-SEMP-145R,AMD AM3 SEMPRON 145 RETAIL
800-0419,CPU-FM2-A10-5800KR,AMD FM2 A10-5800K RETAIL
800-0420,CPU-FM2-A10-6800KR,AMD FM2 A10-6800K RETAIL
800-0421,CPU-FM2-A10-7700KR,AMD FM2 A10-7700K RETAIL
800-0422,CPU-FM2-A4-6300R,AMD FM2 A4 6300 RETAIL
800-0423,CPU-FM2-A6-5400K-OB,AMD FM2 A6 5400K RETAIL
800-0424,CPU-FM2-A6-5400KR,AMD FM2 A6 5400K RETAIL
800-0425,CPU-FM2-A6-6400KR,AMD FM2 A6-6400K RETAIL
800-0426,DVD-AS-E818AAT-BLK,ASUS E818AAT DVD-ROM
800-0427,DVDRW-AS-DRW-24B3ST,ASUS DRW-24B3ST 24X DVDRW
800-0428,DVDRW-HP-DVD1265I,HP DVD1265I INTERNAL DVDRW
800-0429,DVDRW-LG-GH24NSC0,LG GH24NSC0 24X SATA DVDRW
800-0430,DVDRWL-PAN-UJ8D2Q-P,PANASONIC UJ8D2Q SATA DVDRW
800-0431,DVDRWL-PAN-UJ8E2Q-P,PANASONIC UJ8E2Q SATA DVDRW
800-0432,DVDRW-LT-IHAS124-14E,LITEON IHAS124-14EUV SATA DVDR
800-0433,DVDRW-LT-IHAS32407-R,LITEON IHAS324-07 SATA DVDRW
800-0434,DVDRWL-TSH-TS-T632,TOSHIBA SLIM IDE DVDRW DRIVE
800-0435,EN-HDR-AK-NT2-SU3ASA,AKITIO DUAL BAY HDD ENCLOSURE
800-0436,EN-HDR-UL-U1-4269-OB,ULTRA DUAL BAY EXTERNAL ENCL
800-0437,EN-HDR-XM-EN-3400-BK,X-MEDIA USB TO SATA/IDE ENCLOS
800-0438,EN-LHDR-DT-EN2528B,DIABLOTEK 2.5in SATA HDDTO USB
800-0439,FAN-CAS-120MM-MOL,120MM CASE FAN 4PIN MOLEX
800-0440,FAN-CAS-80MM-MOL,80MM CASE FAN MOLEX CONNECTOR
800-0441,FAN-CAS-92MM-3PIN,92MM 3-PIN CASE FAN
800-0442,FAN-CAS-ANT-92MM,ANTEC 92MM CASE FAN
800-0443,FAN-CAS-ANT-BB200,ANTEC BIG BOY 200 CASE FAN
800-0444,FAN-CAS-ANT-TC120MM,ANTEC TRI COOL 120MM CASE FAN
800-0445,FAN-CAS-ANT-TC92MM,ANTEC TRI COOL 92MM CASE FAN
800-0446,FAN-CAS-ANT-TQ120,ANTEC TRUE QUIET 120MM FAN
800-0447,FAN-CAS-ANT-TQ140,ANTEC TRUE QUIET 140MM FAN
800-0448,FAN-CAS-CMR-10AB-GP,COOLER MASTER 140MM BLUE LED
800-0449,FAN-CAS-CM-WT-120FBL,120MM BLUE LED CASE FAN
800-0450,FAN-CAS-CM-WT-120FGN,120MM GREEN LED CASE FAN
800-0451,FAN-CAS-CM-WT-120FRD,120MM RED LED CASE FAN
800-0452,FAN-CAS-CM-WT-80FBL,80MM BLUE LED CASE FAN
800-0453,FAN-CAS-CM-WT-80FGN,80MM GREEN LED CASE FAN
800-0454,FAN-CAS-CM-WT-80FRD,80MM RED LED CASE FAN
800-0455,FAN-CAS-CS-90515BLED,CORSAIR CO-9050015-BLED AF120
800-0456,FAN-CAS-CS-90515PLED,CORSAIR CO-9050015-PLED AF120
800-0457,FAN-CAS-CS-90515RLED,CORSAIR CO-9050015-RLED AF120
800-0458,FAN-CAS-CS-90515WLED,CORSAIR CO-9050015-WLED AF120
800-0459,FAN-CAS-CS-90517BLED,CORSAIR CO-9050017-BLED AF140
800-0460,FAN-CAS-CS-90517RLED,CORSAIR CO-9050017-RLED AF140
800-0461,FAN-CAS-THE-AF0025,THERMALTAKE AF0025 LED FAN
800-0462,FAN-HDD-2F,FAN-PCI-BLOWERTING COOLER
800-0463,FAN-LED-CAS-BLU-80MM,TYPHOON 4 LED FAN 3  PIN
800-0464,FAN-NTBK-CMR-NBCU2PK,COOLERMASTER NOTEPAL U2
800-0465,FAN-SK-1155,SOCKET 1155 CPU HSINK AND FAN
800-0466,FAN-SK-754,SKT 754/939/AM2 A64 FAN
800-0467,FAN-SK-MUL-CS-10I-OB,CORSAIR H100I HYDRO COOLER
800-0468,FAN-SK-MULT-TH596-OB,THERMALTAKE FRIO MULTI CPU
800-0469,FAN-SK-MULT-TI-FENEV,TITAN FENRIR EVO VERSION
800-0470,FAN-SK-MULT-TI-NC05T,TITAN SKALLI CPU COOLER
800-0471,FB-ED-HAR-BLD-3.4,HARCOS BLOOD 3.4OZ ENERGY
800-0472,FCR-IO-GFR204SD,IOGEAR GFR204SD CARD READER
800-0473,FCR-PRU-INT-CR07,PRUDENT WAY ALL IN ONE READER
800-0474,FDDE-WT-USB-EX144,EXTERNAL USB 1.44MB FLOPPY
800-0475,FN-MSPD-BEL-089-BK,BELKIN FABRIC MOUSE PAD BLACK
800-0476,FN-MSPD-RZ-01070500,RAZER GOLIATHUS 2013 MOUSE MAT
800-0477,FN-MSPD-RZ-01070700,RAZER GOLIATHUS 2014 MOUSE MAT
800-0478,GP-RZ-00740300,RAZER ORBWEAVER KEYPAD
800-0479,HDDCKR-BY-T-320,BYTECC USB3.0 DUAL BAY DOCK
800-0480,HE-AC-GC-83700-2,MULTI VOLTAGE/PLUG CONVERTER
800-0481,HE-CHRG-D2-4400F-BL,D2 DP-4400F_BL PORT CHARGER
800-0482,HE-CHRG-D2-4400F-MG,D2 DP-4400F_MG PORT CHARGER
800-0483,HE-CHRG-D2-4400F-MP,D2 DP-4400F_MP PORT CHARGER
800-0484,HE-CHRG-D2-4400F-MS,D2 DP-4400F_MS PORT CHARGER
800-0485,HE-CHRG-D2-4400F-PK,D2 DP-4400F_PK PORT CHARGER
800-0486,HE-CHRG-D2-4400F-PL,D2 DP-4400F_PL PORT CHARGER
800-0487,HE-CHRG-D2-4400F-RD,D2 DP-4400F_RD PORT CHARGER
800-0488,HE-CHRG-D2-4400F-WH,D2 DP-4400F_WH PORT CHARGER
800-0489,HE-CHRG-D2-44F-RD-OB,D2 DP-4400F_RD PORT CHARGER
800-0490,HE-CHRG-DT-U8800B-BK,DIABLOTEK PORTABLE USB BATTERY
800-0491,HE-CHRG-DT-U8800B-WH,DIABLOTEK PORTABLE USB BATTERY
800-0492,HE-CHRG-IN-08522,INLAND IPOD/IPHONE CHARGE KIT
800-0493,HE-CHRG-PQ-3300MAH,PQI 3300mAh POWER BANK
800-0494,HE-CHRG-PQ-5200MAH,PQI 5200mAh POWER BANK
800-0495,HE-CHRG-VJ-1MIN-BK,VOJO ONEMINI 2800MAH BLACK
800-0496,HE-CHRG-VJ-1MIN-GN,VOJO ONEMINI 2800MAH GREEN
800-0497,HE-CHRG-VJ-1MIN-PK,VOJO ONEMINI 2800MAH PINK
800-0498,HE-CHRG-VJ-1MIN-RD,VOJO ONEMINI 2800MAH RED
800-0499,HE-CHRG-VJ-1MIN-U,VOJO ONEMINI 2800MAH BLUE
800-0500,HE-CHRG-VJ-1MIN-YEL,VOJO ONEMINI 2800MAH YELLOW
800-0501,HE-DC-GC-82025,2PC CAMERA ACCESSORY COMBO
800-0502,HE-DC-GC-82027,3PC CAMERA ACCESSORY COMBO
800-0503,HE-DC-GC-82028,12PC CAMERA ACCESSORY COMBO
800-0504,HE-DC-GC-82029,4PC CAMERA ACCESSORY COMBO
800-0505,HE-DC-GC-82030,6PC CAMERA ACCESSORY COMBO
800-0506,HE-DC-GC-84308,MOBIUS SPORT CAMERA
800-0507,HE-DC-GC-84578,SJ5000 WATERPROOF SPORTS CAM
800-0508,HE-DC-SJ-85138-1,SJCAM SPORTS CAM BLACK
800-0509,HE-DC-SJ-85138-2,SJCAM SPORTS CAM WHITE
800-0510,HE-DC-SJ-85138-3,SJCAM SPORTS CAM SILVER
800-0511,HE-DC-SJ-85138-4,SJCAM SPORTS CAM YELLOW
800-0512,HE-DC-SJ-85138-5,SJCAM SPORTS CAM RED
800-0513,HE-DC-SJ-85138-6,SJCAM SPORTS CAM GOLD
800-0514,HE-DC-SJ-85138-7,SJCAM SPORTS CAM BLUE
800-0515,HE-DC-SO-84766,SOOCOO WEATHERPROOF CAMERA
800-0516,HE-DMP-BT-M100,BAYTREK MEEBOSS M100 PLAYER
800-0517,HE-DMP-BT-M100-OB,BAYTREK MEEBOSS M100 PLAYER
800-0518,HE-DMP-GC-82496,ANDROID TV BOX MX
800-0519,HE-DMP-GC-82497,ANDROID 4K TT TV BOX M8
800-0520,HE-DMP-MIN-82700,MINIX NEO X8-H PLUS W/ REMOTE
800-0521,HE-EB-BD-81848-1-RD,BLUEDIO BLUETOOTH EARBUDS RED
800-0522,HE-EB-BD-81848-2-U,BLUEDIO BLUETOOTH EARBUDS BLU
800-0523,HE-EB-BD-81848-3-BK,BLUEDIO BLUETOOTH EARBUDS BLK
800-0524,HE-EB-BD-81848-4-WH,BLUEDIO BLUETOOTH EARBUDS WHT
800-0525,HE-EB-GC-81707-1-RD,BLUETOOTH EARBUDS RED
800-0526,HE-EB-GC-81707-6-PK,BLUETOOTH EARBUDS PINK
800-0527,HE-EB-GC-81707-7-WH,BLUETOOTH EARBUDS WHITE
800-0528,HE-EB-GC-81707-9-U,BLUETOOTH EARBUDS BLUE
800-0529,HE-EB-PL-200203-01,PLANTRONICS BACKBEAT GO 2
800-0530,HE-EB-PL-200203-01-F,PLANTRONICS BACKBEAT GO 2
800-0531,HE-EB-PL-200203-1-OB,PLANTRONICS BACKBEAT GO 2
800-0532,HE-EB-PL-200204-1OB,PLANTRONICS BACKBEAT GO 2
800-0533,HE-EB-PL-200460-08,PLANTRONICS BACKBEAT FIT
800-0534,HE-EB-PL-201010-01,PLANTRONICS VOYAGER EDGE
800-0535,HE-EB-PL-88600-01-F,PLANTRONICS BACKBEAT GO 2 BLK
800-0536,HE-EB-PL-88600-01-OB,PLANTRONICS BACKBEAT GO 2 BLK
800-0537,HE-EB-PL-89800-01,PLANTRONICS BACKBEAT GO 2 WHT
800-0538,HE-EB-PL-89800-01-OB,PLANTRONICS BACKBEAT GO 2 WHT
800-0539,HE-EB-QCY-82756-1-BG,QCY BLUETOOTH EARBUD BLK/GRN
800-0540,HE-EB-VJ-RAB-GRN,VOJO RABBIT EARBUD SLEEVE GRN
800-0541,HE-EB-VJ-RAB-GY,VOJO RABBIT EARBUD SLEEVE GRE
800-0542,HE-EB-VJ-RAB-OR,VOJO RABBIT EARBUD SLEEVE ORG
800-0543,HE-EB-VJ-RAB-PK,VOJO RABBIT EARBUD SLEEVE PNK
800-0544,HE-EB-VJ-RAB-PUR,VOJO RABBIT EARBUD SLEEVE PUR
800-0545,HE-EB-VJ-RAB-RED,VOJO RABBIT EARBUD SLEEVE RED
800-0546,HE-EB-VJ-RAB-U,VOJO RABBIT EARBUD SLEEVE BLU
800-0547,HE-EB-VJ-RAB-YEL,VOJO RABBIT EARBUD SLEEVE YEL
800-0548,HE-EB-VTK-81740-10,VIOTEK WIRELESS EARBUDS BLUE
800-0549,HE-EB-VTK-81740-6,VIOTEK WIRELESS EARBUDS BLK
800-0550,HE-EB-VTK-81740-7,VIOTEK WIRELESS EARBUDS GOLD
800-0551,HE-EB-VTK-81740-8,VIOTEK WIRELESS EARBUDS RED
800-0552,HE-GC-IP-83811,IPEGA BLUETOOTH GAME CONTROLLE
800-0553,HE-GC-IP-83812,IPEGA BLUETOOTH GAME CONTROLLE
800-0554,HE-GC-IP-83814,IPEGA BLUETOOTH GAME CONTROLLE
800-0555,HE-HP-BD-81723-1-RD,BLUEDIO CORDLSS HEADPHONES RD
800-0556,HE-HP-BD-81723-2-U,BLUEDIO CORDLSS HEADPHONES BU
800-0557,HE-HP-BD-81723-3-BK,BLUEDIO CORDLSS HEADPHONES BK
800-0558,HE-HP-BD-81723-4-WH,BLUEDIO CORDLSS HEADPHONES WH
800-0559,HE-HPM-CA-AC8000,CYBER ACOUSTICS KIDS HEADSET
800-0560,HE-HPM-CL-70GH0150,CREATIVE TACTIC3D SIGMA
800-0561,HE-HPM-GH-AU3700S,GEAR HEAD MULTIMEDIA HEADSET
800-0562,HE-HPM-PL-65388-02,PLANTRONICS S11 HEADSET
800-0563,HE-HPM-PL-AUD655USB,PLANTRONICS AUDIO 655 HEADSET
800-0564,HE-HPM-RZ-KRAKEN-PRO,RAZER KRAKEN PRO HEADSET
800-0565,HE-HPM-VTK-R-849M-OB,VIOTEK ANALOG HEADSET W/ MIC
800-0566,HE-HPM-VTK-R-849MV,VIOTEK ANALOG HEADSET W/ MIC
800-0567,HE-HPM-VTK-VT849U,VIOTEK USB HEADSET W/ MIC
800-0568,HE-HPM-VTK-VT849U-OB,VIOTEK USB HEADSET W/ MIC
800-0569,HE-HP-VTK-VT849,VIOTEK ANALOG HEADPHONE W/MIC
800-0570,HE-HP-VTK-VT849-OB,VIOTEK ANALOG HEADPHONE W/MIC
800-0571,HE-MP-OG-MIC-48B,OG MIC48 MULTIMEDIA MICROPHONE
800-0572,HE-NL-GC-83472,MUSHROOM NIGHT LIGHT
800-0573,HE-PJ-DE-1430X-F,DELL 1430X 3D PROJECTOR
800-0574,HE-PJ-GC-83255,GENERIC MINI PROJECTOR
800-0575,HE-SW-83315-1,38MM SCREEN PROTECTOR
800-0576,HE-SW-83315-2,42MM SCREEN PROTECTOR
800-0577,HE-SW-83548-5,42MM REPLACEMENT WATCH BAND
800-0578,HE-VGC-PS3-TM-CNTRL,TOMEE CONTROLLER FOR PS3/PC
800-0579,HE-VGC-XB36-EC-TGXB2,COOLING FAN FOR XBOX SLIM
800-0580,HE-VGC-XB36-HOP-150,XBOX 360 HOP-150 LASER LENS
800-0581,HG-AA-DRIN007S-BLK,ARTIART SPILL FREE MUG BLACK
800-0582,HG-AA-DRIN007S-BLU,ARTIART SPILL FREE MUG BLUE
800-0583,HG-AA-DRIN007S-GRN,ARTIART SPILL FREE MUG GREEN
800-0584,HG-AA-DRIN007S-O,ARTIART NUTRI AQUABOTTLE ORNG
800-0585,HG-AA-DRIN007S-P,ARTIART NUTRI AQUABOTTLE PINK
800-0586,HG-AA-DRIN010N-G,ARTIART NUTRI AQUABOTTLE GRN
800-0587,HG-AA-DRIN012S-BLK,ARTIART SPILL FREE MUG BLACK
800-0588,HG-AA-DRIN012S-RED,ARTIART SPILL FREE MUG RED
800-0589,HG-DU-DUAP02,DUUX AIR PURIFIER
800-0590,HG-GC-83993-1,12 LACE CAKE BORDER WHITE
800-0591,HG-GC-83993-2,12 LACE CAKE BORDER PINK
800-0592,HG-GC-83993-3,12 LACE CAKE BORDER PURPLE
800-0593,HG-GC-83993-4,12 LACE CAKE BORDER RED
800-0594,HL-160-HT-HTS541616,HITACHI 160GB 5400RPM IDE
800-0595,HL-80-SG-ST980210A,SEAGATE 80GB 5400RPM 8MB IDE
800-0596,HLE-1TB-HT-0S03804,HITACHI 1TB TOURO MOBILE
800-0597,HLE-1TB-PQ-6W3TR2-OB,PQI AIR BANK 1TB WIFI STORAGE
800-0598,HLE-500-PQ-6W3120-OB,PQI AIR BANK 500G WIFI STORAGE
800-0599,HR-1TB-SG-1000DM003,SEAGATE SATA 1TB 7200RPM 64MB
800-0600,HR-1TB-SG-1000DX001,SEAGATE ST1000DX001 1TB SATA3
800-0601,HR-1TB-WD-1003FZEX,WESTERN DIGITAL WD1003FZEX
800-0602,HR-1TB-WD-10EZRX,WESTERN DIGITAL 1TB
800-0603,HR-2TB-SG-2000DM001,ST2000DM001 2TB 7200RPM 64MB
800-0604,HR-2TB-WD-20EZRX,WESTERN DIGITAL WD20EZRX 2TB
800-0605,HR-320-SG-ST332311CS,SEAGATE ST3320311CS 320GB 5900
800-0606,HR-320-WD-320AAJS-P,WD WD3200AAJS 320GB SATA HDD
800-0607,HR-3TB-SG-ST300DM001,SEAGATE SATA 3TB 7200RPM 64MB
800-0608,HR-3TB-WD-30EZRX,WESTERN DIGITAL 3TB
800-0609,HR-4TB-SG-400DM00-F,SEAGATE ST4000DM000 4TB SATA
800-0610,HR-4TB-SG-ST400DM000,SEAGATE ST4000DM000 4TB SATA
800-0611,HR-500-SG-350414CS-P,SEAGATE ST3500414CS 500GB SATA
800-0612,HR-500-SG-ST500DM002,SEAGATE ST500DM002 7200RPM 16M
800-0613,HR-500-TS-DT01ACA05,TOSHIBA DT01ACA050 500GB
800-0614,HRL-160-WD-BEKX-F,WD WD1600BEKX 160GB 7200RPM
800-0615,HRL-1TB-WD-1001X6-OB,WD1001X06XDTL 1TB + 120GB SSD
800-0616,HRL-1TB-WD-JPVX,WD10JPVX 1TB 5400RPM 8MB
800-0617,HRL-500-HT-HTS545050,HITACHI HTS545050A7E380 500GB
800-0618,HRL-500-SG-500LM000,SEAGATE ST500LM000 500GB HDD
800-0619,HRL-750-WD-BPKX,WD WD7500BPKX 7200RPM 16MB
800-0620,HS-120-SS-MZ-7TE120B,SAMSUNG 120G MZ-7TE120BW SSD
800-0621,HS-128-SD-SDSSDHP128,SANDISK SDSSDHP-128G-G25 128GB
800-0622,HS-1TB-SS-MZ-75E1T0B,SAMSUNG 1TB MZ-75E1T0B SSD
800-0623,HS-240-MU-MKNSSDAT,MUSHKIN ATLAS 240GB SSD
800-0624,HS-240-MU-MKNSSDCRD7,MUSHKIN CRONOS 240GB 7MM SSD
800-0625,HS-250-SS-MZ-75E250B,SAMSUNG 250G MZ-75E250B SSD
800-0626,HS-250-SS-MZ-75E2-OB,SAMSUNG 250G MZ-75E250B SSD
800-0627,HS-256-SS-MZ-7KE256B,SAMSUNG 256GB 850 PRO SSD
800-0628,HS-256-TSH-HDTS225XZ,TOSHIBA HDTS225XZSTA 256GB
800-0629,HS-480-IN-SC2BPR5-OB,INTEL SSDSC2BP480G4R5 480GB
800-0630,HS-480-IN-SSDSC2BPR5,INTEL SSDSC2BP480G4R5 480GB
800-0631,HS-480-MU-MKNSSDCRD7,MUSHKIN CRONOS 480GB 7MM SSD
800-0632,HS-500-SS-MZ-75E500B,SAMSUNG 500G MZ-75E500B SSD
800-0633,HS-500-SS-MZ-75E5-OB,SAMSUNG 500G MZ-75E500B SSD
800-0634,HS-500-SS-MZ-7TE5-OB,SAMSUNG MZ-7TE500BW 500GB SSD
800-0635,HS-512-SS-MZ-7KE512B,SAMSUNG 512GB 850 PRO SSD
800-0636,HW-FEET-ST-RFEET,1 1/4in ADHESIVE RUBBER FEET
800-0637,HW-JMPR-GEN-3PK,3 PACK OF GENERIC JUMPERS
800-0638,HW-SCRW-LD-TS-BLU-AL,LINK DEPOT BLUE ALUMINUM SCREW
800-0639,HW-SCRW-ST-M314-50PK,STARTECH M3x1/4IN SCREWS
800-0640,HW-SOFF-ST-NUTM-50PK,METAL #6-32 JACKSCREW STANDOFF
800-0641,KB-COM-IN-70119-B,INLAND PRO WIRELESS KB Combo
800-0642,KB-COM-LOG-002565,LOGITECH MK120 USB DESKTOP
800-0643,KB-COM-MS-5MH-023,MICROSOFT WIRED DESKTOP 400
800-0644,KB-COM-MS-EYD-023,MICROSOFT WIRED DESKTOP 400
800-0645,KB-COM-VTK-TWILIGHT,TWILIGHT KEYBOARD MOUSE KIT
800-0646,KB-PS2-LOG-003199,LOGITECH PS/2 KEYBOARD K100
800-0647,KB-USB-AU-83308,AULA MECHANICAL DEMON KING
800-0648,KB-USB-AZ-KB501,AZIO L70 GAMING KEYBOARD
800-0649,KB-USB-AZ-KB505U,AZIO LARGE PRINT USB KEYBOARD
800-0650,KB-USB-AZ-KB506-OB,AZIO VISION USB KEYBOARD
800-0651,KB-USB-AZ-KB507,AZIO PRISM USB KEYBOARD
800-0652,KB-USB-AZ-MGK1,AZIO BACKLIT MECHANICAL KB
800-0653,KB-USB-IN-MINI-70141,INLAND PRO USB MINI KEYBOARD
800-0654,KB-USB-LOG-002478,LOGITECH USB KEYBOARD K120
800-0655,KB-USB-LOG-G19S,LOGITECH G19S GAMING KEYBOARD
800-0656,KB-USB-MS-3TJ-00001,MICROSOFT COMFORT CURVE 3000
800-0657,KB-USB-RZ-00800100,RAZER DEATHSTALKER KEYBOARD
800-0658,KB-USB-THE-CHP001US,THERMALTAKE GAMING KEYBOARD
800-0659,KB-USB-VTK-TWILIGHT,VIOTEK TWILIGHT GAMING KB
800-0660,KB-USB-VTK-TWILIT-OB,VIOTEK TWILIGHT GAMING KB
800-0661,KB-WLS-AZ-KB313B,AZIO KB313B SLIM BLUETOOH
800-0662,KB-WLS-AZ-KB506W,AZIO LARGE FONT KEYBOARD
800-0663,KB-WLS-VTK-HWKPCK,VIOTEK 2.4GHz WLS KB & MOUSE
800-0664,KB-WLS-VTK-HWKPCK-OB,VIOTEK 2.4GHz WLS KB & MOUSE
800-0665,KVM-IO-2PC-GCS22U,IOGEAR 2-PORT USB KVM
800-0666,KVM-TRN-2PC-AUTO-USB,TRENDNET 2PORT USB KVM
800-0667,KVM-WT-KS302,GENERIC PS/2 KVM 2 PORT SWITCH
800-0668,MB-1150-AS-B85M-ECSM,ASUS SKT 1150 B85M-E/CSM
800-0669,MB-1150-AS-Q87M-ECSM,ASUS SKT 1150 Q87M-E/CSM
800-0670,MB-1150-AS-Z97-K-CSM,ASUS SKT 1150 Z97-K/CSM
800-0671,MB-1150-GA-B85M-D3H,GIGABYTE SKT 1150 B85M-D3H
800-0672,MB-1150-GA-H81M-HD3,GIGABYTE SKT 1150 H81M-HD3
800-0673,MB-1150-GA-H97M-D3H,GIGABYTE SKT 1150 H97M-D3H
800-0674,MB-1150-GA-Z97X-SLI,GIGABYTE SKT 1150 Z97X-SLI
800-0675,MB-1150-MS-B85M-P33,MSI SKT 1150 B85M-P33
800-0676,MB-1155-AS-P8H67-M,ASUS SKT 1155 P8H67-M
800-0677,MB-1155-AS-P8H67-MEV,ASUS SKT 1155 P8H67-M EVO
800-0678,MB-1155-AS-P8H67-MLE,ASUS SKT 1155 P8H67-M LE
800-0679,MB-1155-AS-P8H67-MLX,ASUS SKT 1155 P8H67-M LX
800-0680,MB-1155-AS-P8H67-MP3,ASUS SKT 1155 P8H67-M PRO REV3
800-0681,MB-1155-AS-P8P67-LE3,ASUS SKT 1155 P8P67-LE REV3
800-0682,MB-1155-AS-P8P67-PRO,ASUS SKT 1155 P8P67 PRO
800-0683,MB-1155-AS-P8Q67-MDO,ASUS SKT 1155 P8Q67-M DO
800-0684,MB-1155-ASR-H61ICAFE,ASROCK H61ICAFE SKT 1155
800-0685,MB-1155-ASR-H61M-DGS,ASROCK H61M-DGS SKT 1155
800-0686,MB-1155-ASR-H61M-GS,ASROCK H61M-GS SKT 1155
800-0687,MB-1155-ASR-H61M-S,ASROCK H61M-S SKT 1155
800-0688,MB-1155-ASR-H67M-GE,ASROCK H67M-GE SKT 1155
800-0689,MB-1155-MS-B75MA-E33,MSI SKT 1155 B75MA-E33
800-0690,MB-1155-MS-H61M-G35,MSI SKT 1155 H61M-G35 (G3)
800-0691,MB-1155-MS-H61M-P20,MSI SKT 1155 H61M-P20 (G3)
800-0692,MB-1155-MS-H61M-P31,MSI SKT 1155 H61M-P31 (G3)
800-0693,MB-1155-MS-H77MA-G43,MSI SKT 1155 H77MA-G43
800-0694,MB-1156-ASR-H55-PRO,ASROCK H55 PRO SKT 1156
800-0695,MB-1156-ASR-P55DE3,ASROCK P55DE3 SKT 1156
800-0696,MB-478-ASR-P4I65G,ASROCK P4I65G SKT 478
800-0697,MB-478-ASR-P4I945GC,ASROCK P4I945GC SKT 478
800-0698,MB-754-ASR-K8A780LM,ASROCK K8A780LM SKT 754
800-0699,MB-754-ASR-K8NF3-VST,ASROCK K8NF3-VSTA SKT 754
800-0700,MB-754-ASR-K8UPNF,ASROCK K8UPGRADE NF3
800-0701,MB-939-ASR-939A785GH,ASROCK 939A785GMH SKT 939
800-0702,MB-939-ASR-939A790GH,ASROCK 939A790GMH SKT 939
800-0703,MB-A-ASR-K7S41GX,ASROCK K7S41GX  SKT A MB
800-0704,MB-A-ASR-K7S41GX2,ASROCK K7S41GX2  SKT A MB
800-0705,MB-AM3-AS-M4A78LTMLE,ASUS AM3 M4A78LT-M LE
800-0706,MB-AM3-AS-M4A87TD-U3,ASUS SKT AM3 M4A87TD/USB3
800-0707,MB-AM3-AS-M4A88TDVE3,ASUS AM3 M4A88TD-V EVO/USB3
800-0708,MB-AM3-AS-M4N68T,ASUS AM3 M4N68T
800-0709,MB-AM3-AS-M4N68T-M,ASUS AM3 M4N68T-M
800-0710,MB-AM3-AS-M4N68T-MV2,ASUS AM3 M4N68T-M V2
800-0711,MB-AM3-AS-M4N98TD-EV,ASUS AM3 M4N98TD EVO
800-0712,MB-AM3-ASR-760GM-GS3,ASROCK 760GM-GS3
800-0713,MB-AM3-ASR-770EXT3,ASROCK 770 EXTREME3
800-0714,MB-AM3-ASR-785G-PR,ASROCK 785G PRO SKT AM3
800-0715,MB-AM3-ASR-870EXT3,ASROCK 870 EXTREME3 SKT AM3
800-0716,MB-AM3-ASR-870ICAFE,ASROCK 870ICAFE SKT AM3
800-0717,MB-AM3-ASR-880GEXT3,ASROCK 880G EXTREME3 SKT AM3
800-0718,MB-AM3-ASR-880GMHU32,ASROCK 880GMH/USB3 R2 AM3/AM2+
800-0719,MB-AM3-ASR-880G-PR3,ASROCK 880G PRO3 SKT AM3
800-0720,MB-AM3-ASR-880GXH-U3,ASROCK 880GXH/USB3 AM3/AM2+
800-0721,MB-AM3-ASR-88GMSC128,ASROCK 880GM-SC/128M AM3/AM2+
800-0722,MB-AM3-ASR-890GMH-U3,ASROCK 890GMH/USB3 AM3/AM2+
800-0723,MB-AM3-ASR-890GM-PR3,ASROCK 890GM PRO3 AM3
800-0724,MB-AM3-ASR-890GXEXT3,ASROCK 890GX EXTREME3
800-0725,MB-AM3-ASR-890GXEXT4,ASROCK 890GX EXTREME4
800-0726,MB-AM3-ASR-890GX-PR3,ASROCK 890GX PRO3 SKT AM3
800-0727,MB-AM3-ASR-89GXEX4R2,ASROCK 890GX EXTREME4 R2
800-0728,MB-AM3-ASR-960GMG3FX,ASROCK 960GM-GS3 FX AM3+
800-0729,MB-AM3-ASR-A780GMH12,ASROCK M3A780GMH/128M AM3/AM2+
800-0730,MB-AM3-ASR-A790GMH12,ASROCK A790GMH/128M AM3/AM2+
800-0731,MB-AM3-ASR-AM2NF3VS,ASROCK AM2NF3-VSTA SKT AM2
800-0732,MB-AM3-ASR-M378GLE12,ASROCK M3A785GM-LE/128M
800-0733,MB-AM3-ASR-M3A760GMH,ASROCK M3A760GMH SKT AM3
800-0734,MB-AM3-ASR-M3A770DE,ASROCK M3A770DE
800-0735,MB-AM3-ASR-M3A-GLAN,ASROCK M3A-GLAN SKT AM3
800-0736,MB-AM3-ASR-M3N78D,ASROCK M3N78D AM3
800-0737,MB-AM3-ASR-N68-S3,ASROCK N68-S3 AM3/AM2+
800-0738,MB-AM3-ASR-N68-S3FX,ASROCK N68-S3 FX AM3/AM2+
800-0739,MB-AM3-ASR-N68VS3-UC,ASROCK N68-VS3 UCC AM3/AM2+
800-0740,MB-AM3-AS-XHAIR3-FRM,ASUS AM3 CROSSHAIR III FORMULA
800-0741,MB-AM3-GA-78LMT-USB3,GIGABYTE AM3+ 78LMT-USB3
800-0742,MB-AM3-GA-970A-D3P,GIGABYTE AM3+ 970A-D3P
800-0743,MB-AM3-GA-990FXA-UD3,GIGABYTE AM3+ 990FXA-UD3
800-0744,MB-AM3-MS-760GM-P23,MSI SKT AM3 760GM-P23 (FX)
800-0745,MB-AM3-MS-GF615M-P31,MSI SKT AM3 GF615M-P31
800-0746,MB-CD-ASR-G31M-SR2,ASROCK G31M-S R2.0 CORE 2
800-0747,MB-COMB-ASR-W13D6R2,MOBOCOMBO WOLFDALE1333-D667 R2
800-0748,MB-COMB-MS-P67A-GD65,MOBO COMBO P67A-GD65(B3)
800-0749,MB-FM1-AS-F1A55,ASUS SKT FM1 F1A55
800-0750,MB-FM1-ASR-A55-PRO,ASROCK A55 PRO SKT FM1
800-0751,MB-FM1-ASR-A75M,ASROCK A75M SKT FM1
800-0752,MB-FM1-ASR-A75M-HVS,ASROCK  A75M-HVS SKT FM1
800-0753,MB-FM1-ASR-A75-PR4,ASROCK A75 PRO4 SKT FM1
800-0754,MB-FM1-GA-A75M-D2H,GIGABYTE SKT FM1 A75M-D2H
800-0755,MB-FM1-MS-A55M-P33-F,MSI SKT FM1 A55M-P33 REFURB
800-0756,MB-FM2-AS-A68HM-PLS,ASUS SKT FM2 A68HM-PLUS
800-0757,MB-FM2-AS-A88XM-E,ASUS SKT FM2 A88XM-E mATX
800-0758,MB-FM2-GA-A58MHD2-OB,GIGABYTE SKT FM2 F2A58M-HD2
800-0759,MB-FM2-GA-F2A68HMHD2,GIGABYTE SKT FM2 F2A68HM-HD2
800-0760,MB-FM2-GA-F2A78M-D3H,GIGABYTE SKT FM2 F2A78M-D3H
800-0761,MB-FM2-GA-F2A88X-D3H,GIGABYTE SKT FM2 F2A88X-D3H
800-0762,MB-ITX-AS-AT3IONT-I,ASUS AT3IONT-I W/ ATOM 330
800-0763,MB-ITX-AS-AT5IONT-I,ASUS AT5IONT-I MINI-ITX
800-0764,MB-ITX-AS-AT5NM10-I,ASUS AT5NM10-I MINI-ITX
800-0765,MB-ITX-AS-E35M1-M,ASUS E35M1-M W/ E350
800-0766,MB-ITX-ASR-AD2700ITX,ASROCK AD2700-ITX W/ATOM D2700
800-0767,MB-ITX-ASR-AD425PV,ASROCK AD425PV W/ATOM D425
800-0768,MB-ITX-ASR-AD425PV3,ASROCK AD425PV3 W/ATOM D425
800-0769,MB-ITX-ASR-AD510PV,ASROCK AD510PV W/ATOM D510
800-0770,MB-ITX-ASR-AD525PV,ASROCK AD525PV W/ATOM D525
800-0771,MB-ITX-ASR-PV530,ASROCK PV530 uATX W/ VIA PV530
800-0772,MBR-BY-MR-225,BYTECC DUAL 2.5 TO 3.5 RACK
800-0773,MBR-THE-SATA-M4-23SN,THERMALTAKE MAX 4 SATA
800-0774,MED-CDR-52X-S,BLANK 52X 700MB SINGLE DIS CDR
800-0775,MED-DVD-R-16X,BLANK 16X DVD-R SINGLE DISK
800-0776,MED-MSD-WT-MUSDCK4G,WINTEC 4GB CARD-IT-ALL
800-0777,MED-SD-8G-CE-S1SDHC4,CENTON 8GB SDHC FLASH CARD
800-0778,MED-SD-8G-KS-SD48GB,KINGSTON 8GB SDHC
800-0779,MED-TB-120-MU-NUFDVU,MUSHKIN VENTURA ULTRA 120GB
800-0780,MED-TB-16G-AD-C008RK,ADATA AC008-16G-RKD FLASH DRV
800-0781,MED-TB-16G-HP-FD16GH,HP 16G USB THUMB DRIVE
800-0782,MED-TB-16G-MU-NUFDAM,MUSHKIN ATOM 16GB
800-0783,MED-TB-16G-MU-NUFDPR,MUSHKIN PROSPECTOR 16GB
800-0784,MED-TB-16G-MU-NUFDVS,MUSHKIN VENTURA PLUS 16GB
800-0785,MED-TB-16G-PA-GSTROT,PATRIOT STELLAR 16GB FLASH DRV
800-0786,MED-TB-32G-AD-AUV128,ADATA AUV128-32G-RBY FLASH DRV
800-0787,MED-TB-32G-HP-FD32GH,HP 32G USB THUMB DRIVE
800-0788,MED-TB-32G-MU-NUFDPR,MUSHKIN PROSPECTOR 32GB
800-0789,MED-TB-32G-MU-NUFDVS,MUSHKIN VENTURA PLUS 32GB
800-0790,MED-TB-60G-MU-NUFDVU,MUSHKIN VENTURA ULTRA 60GB
800-0791,MED-TB-64G-MU-NUFDVP,MUSHKIN VENTURA PRO 64GB
800-0792,MED-TB-8G-MU-NUFDAM,MUSHKIN ATOM 8GB
800-0793,MED-TB-8G-MU-NUFDPR,MUSHKIN PROSPECTOR 8GB
800-0794,MED-TB-8G-MU-NUFDVS,MUSHKIN VENTURA PLUS 8GB
800-0795,MFP-CM-2P-USB3,GENERIC 2PORT USB3.0 FRNT PNL
800-0796,MIS-3BSHIRT-2X-B,3B-TECH T-SHIRT XXL BLACK
800-0797,MIS-3BSHIRT-3X-B,3B-TECH T-SHIRT XXXL BLACK
800-0798,MIS-3BSHIRT-L-B,3B-TECH T-SHIRT LARGE BLACK
800-0799,MIS-3BSHIRT-M-B,3B-TECH T-SHIRT MEDIUM BLACK
800-0800,MIS-3BSHIRT-S-B,3B-TECH T-SHIRT SMALL BLACK
800-0801,MIS-3BSHIRT-XL-B,3B-TECH T-SHIRT XL BLACK
800-0802,MIS-478-FAN-BRACKET,REPLACEMENT SKT 478 FAN BRKT
800-0803,MIS-AD-BY-FDD-KIT,3.5 FLOPPY DRIVE ADAPTER KIT
800-0804,MIS-AD-EC-HDB-25351,BRACKET FOR 2x2.5in HARDDRIVES
800-0805,MIS-AD-PRU-HDB02B,DUAL 2.5in TO 3.5in HDD ADAPTE
800-0806,MIS-AD-ST-FDD-KIT,3.5 FLOPPY DRIVE ADAPTER KIT
800-0807,MIS-AS-CUBE-REM,ASUS CUBE REMOTE
800-0808,MIS-DC-83998-1,BLUE CAMO SMALL PET COLLAR
800-0809,MIS-DC-83998-13,YELLOW CAMO MEDIUM PET COLLAR
800-0810,MIS-DC-83998-14,GREY CAMO MEDIUM PET COLLAR
800-0811,MIS-DC-83998-15,PINK CAMO MEDIUM PET COLLAR
800-0812,MIS-DC-83998-17,BLUE CAMO LARGE PET COLLAR
800-0813,MIS-DC-83998-21,YELLOW CAMO LARGE PET COLLAR
800-0814,MIS-DC-83998-22,GREY CAMO LARGE PET COLLAR
800-0815,MIS-DC-83998-23,PINK CAMO LARGE PET COLLAR
800-0816,MIS-DC-83998-25,BLUE CAMO X-LARGE PET COLLAR
800-0817,MIS-DC-83998-29,YELLOW CAMO X-LARGE PET COLLAR
800-0818,MIS-DC-83998-30,GREY CAMO X-LARGE PET COLLAR
800-0819,MIS-DC-83998-31,PINK CAMO X-LARGE PET COLLAR
800-0820,MIS-DC-83998-5,YELLOW CAMO SMALL PET COLLAR
800-0821,MIS-DC-83998-6,GREY CAMO SMALL PET COLLAR
800-0822,MIS-DC-83998-7,PINK CAMO SMALL PET COLLAR
800-0823,MIS-DC-83998-9,BLUE CAMO MEDIUM PET COLLAR
800-0824,MIS-GEN-LASER-81997,3x COLOR LASER LIGHT
800-0825,MIS-GEN-LED-81868,5M FLEXIBLE LED LIGHT
800-0826,MIS-GEN-LED-83953,5M FLEXIBLE LED LIGHT STRIP
800-0827,MIS-GEN-SB-82341,L12S OLED TOUCH SMART BRACELET
800-0828,MIS-GEN-SW-82343,SCREEN PROTECTOR FOR MOTO 360
800-0829,MIS-IPH-BCK-A1332-BK,iPHONE 4 BACK GLASS FOR ATT
800-0830,MIS-IPH-BCK-A1387-BK,iPHONE 4S REPLACEMNT BACK GLAS
800-0831,MIS-IPH-SCREN-4AT-WT,iPHONE 4 REPLACEMENT SCREEN
800-0832,MIS-LP-AC502,AC502 MATTE SCREEN PROTECTOR
800-0833,MIS-T8-T8WM-HC1-B,TAB 8 D-RING WIRE MANAGER COV
800-0834,MIS-T8-T8WM-HR2-B,TAB 8 HORIZ REAR WIRE MANAGER
800-0835,MIS-THE-BTX-UPKIT,THERMALTAKE BTX UPGRADE KIT
800-0836,MIS-THE-CLW0202,THERMALTAKE M-CONNECTOR
800-0837,MIS-THERM-AS-AA-14G,ARTIC SILVER ALUMINA 14G TUBE
800-0838,MIS-THERM-AS-AS5-3G,ARTIC SILVER 5 THERMAL COMP
800-0839,MIS-THERM-PACK-2G,2 GRAM PACKET THERMAL GREASE
800-0840,MIS-THERM-TH-1G,THERMALTAKE 1GRAM TUBE
800-0841,MIS-THERM-VIO-TUBE,VIO 1.5G THERMAL GREASE TUBE
800-0842,MIS-THE-THINWINGS,THERMALTAKE CHIP COOLER
800-0843,MIS-TI-TTN-ST01,TITAN KEYBOARD PROTECTOR
800-0844,MIS-USB-HEADER-1PORT,1 PORT USB HEADER BRACKET
800-0845,MOD-PRU-PWI-FAX,PRUDENT WAY USB2.0 MODEM
800-0846,MOD-TRN-USB-TFM-561U,TRENDNET 56K HIGH SPEED USB
800-0847,MS-OPS2-GEN-SC-B,PS2 OPTICAL w/SCROLL - BLACK
800-0848,MS-OPS2-LOG-SBF96-B,LOGITECH PS2 OPTICAL MS BLACK
800-0849,MS-OUSB-A4T-X7-F4,A4TECH X7-F4 LASER MOUSE
800-0850,MS-OUSB-AZ-EX01-K,AZIO EXO1 GAMING MOUSE
800-0851,MS-OUSB-GEN-B,USB OPTICAL w/SCRL BLK
800-0852,MS-OUSB-LOG-G402,LOGITECH G402 GAMING MOUSE
800-0853,MS-OUSB-LOG-G402-OB,LOGITECH G402 GAMING MOUSE
800-0854,MS-OUSB-LOG-G502,LOGITECH G502 PROTEUS CORE
800-0855,MS-OUSB-LOG-G502-OB,LOGITECH G502 PROTEUS CORE
800-0856,MS-OUSB-LOG-G600,LOGITECH G600 MMO GAMING MOUSE
800-0857,MS-OUSB-MS-35H-00006,MICROSOFT USB OPT MOUSE 200
800-0858,MS-OUSB-RZ-00151700,RAZER DEATHADDER LEFT HAND ED
800-0859,MS-OUSB-RZ-01040100,RAZER NAGA 2014 EXPERT MMO
800-0860,MS-OUSB-VTK-LIGHT-V2,VIOTEK LIGHTNING USB MOUSE
800-0861,MS-OUW-GH-MP2325BLK,GEAR HEAD WIRELESS OPTICAL
800-0862,MS-OUW-MS-ZJA-002,MICROSOFT ARC MOUSE
800-0863,MS-OUW-RZ-00770300,RAZER OUROBOROS ELITE MOUSE
800-0864,MS-OUW-RZ-01230100,RAZER NAGA EPIC CHROMA WLRS
800-0865,MS-OUW-VTK-MEIST-BK,VIOTEK MEISTER 2.4GHz WLS
800-0866,MS-OUW-VTK-MEIST-OB,VIOTEK MEISTER 2.4GHz WLS
800-0867,MS-OUW-VTK-MEIST-OEM,VIOTEK MEISTER 2.4GHZ OEM
800-0868,MS-TPAD-LOG-T650,LOGITECH T650 TOUCHPAD
800-0869,MS-TPAD-LOG-T650-OB,LOGITECH T650 TOUCHPAD
800-0870,MS-TRB-LOG-TMAN-MRBL,LOGITECH TRACKMAN MARBLE
800-0871,MS-TRB-LOG-T-MRBL-OB,LOGITECH TRACKMAN MARBLE
800-0872,MTL-AC-B326HUL-OB,ACER B326HUL WIDE SCREEN LCD
800-0873,MTL-AC-G237HL,ACER G237HL WIDE SCREEN LCD
800-0874,MTL-AC-G246HY,ACER G246HY WIDE SCREEN LCD
800-0875,MTL-AC-K242HLBBID,ACER K242HLBBID LCD
800-0876,MTL-AC-S241HL,24in ACER S241HL LCD
800-0877,MTL-DE-D2015H,DELL D2015H 19.5in LED LCD
800-0878,MTL-DE-D2015H-F,DELL D2015H 19.5in LED LCD
800-0879,MTL-DE-D2015H-OB,DELL D2015H 19.5in LED LCD
800-0880,MTL-DE-E1914H,DELL E1914H 18.5 LED
800-0881,MTL-DE-E1914H-OB,DELL E1914H 18.5 LED
800-0882,MTL-DE-E2414H,DELL E2414H 24in LED LCD
800-0883,MTL-DE-E2715H,DELL E2715H 27in LED LCD
800-0884,MTL-DE-P2414H,DELL P2414H 23.8in LED LCD
800-0885,MTL-DE-P2414H-OB,DELL P2414H 23.8in LED LCD
800-0886,MTL-DE-S2340M,DELL S2340M 23 IPS LCD
800-0887,MTL-DE-S2340M-OB,DELL S2340M 23 IPS LCD
800-0888,MTL-DE-S2740L,DELL S2740L 27 LED LCD
800-0889,MTL-DE-S2740L-OB,DELL S2740L 27 LED LCD
800-0890,MTL-DE-U2713HB-F,DELL U2713H 27n IPS LED LCD
800-0891,MTL-DE-UP3214QT-F,DELL UP3214Q 31.5in LED LCD
800-0892,MTL-HY-G70TR-F,HYUNDAI TOUCH SCREEN G70TR 17
800-0893,MTL-HY-G73TR-F,HYUNDAI TOUCH SCREEN G73TR 17
800-0894,MTL-HY-G90TR-F,HYUNDAI TOUCH SCREEN G90TR19
800-0895,MTL-HY-K93W,HYUNDAI K93W 19 LCD RETAIL
800-0896,MTL-HY-K93W-F,HYUNDAI K93W 19 LCD
800-0897,MTL-HY-L70A-F,HYUNDAI IMAGEQUEST L70A 17
800-0898,MTL-HY-L70B-F,HYUNDAI IMAGEQUEST L70B 17
800-0899,MTL-HY-L71S-F,HYUNDAI IMAGEQUEST L71S 17
800-0900,MTL-HY-L80A-F,HYUNDAI IMAGEQUEST L80A 18
800-0901,MTL-HY-LM1510A-F,HYUNDAI IMAGEQUEST LM1510A 15
800-0902,MTL-HY-Q17B-F,HYUNDAI IMAGEQUEST Q17B 17
800-0903,MTL-HY-U220WP,HYUNDAI U220WP 22 LCD
800-0904,MTL-HY-X226W,HYUNDAI X226W 21.5 LCD RETAIL
800-0905,MTL-HY-X226W-OB,HYUNDAI X226W 21.5 LCD RETAIL
800-0906,MTL-HY-X90W,HYUNDAI X90W 19 RETAIL
800-0907,MTL-HY-X93W,HYUNDAI X93W 19 LCD RETAIL
800-0908,MTL-HY-X93W-F,HYUNDAI X93W 19 LCD
800-0909,MTL-LG-22M45D-B-OB,LG 22M45D-B LED LCD
800-0910,MTL-LG-27MP33HQ-B,LG 27MP33HQ-B 27 LCD
800-0911,MTL-LG-27MP34HQ-B,LG 27MP34HQ-B 27 LCD
800-0912,MTL-LG-IPS225T-BN-F,LG IPS225T-BN 22 LCD
800-0913,MTL-LG-M1710ABM-F,LG M1710A-BM 17LCD
800-0914,MTL-LG-M2362DP-EM-OB,LG M2362DP-EM 23 LCD TV
800-0915,MTL-LG-M2900S-BN-F,LG M2900S-BN STRETCH SCREEN
800-0916,MTL-LG-M3202C-BA-F,LG M3202C-BA WIDE SCREEN LCD
800-0917,MTL-LG-M3203C-BA-F,LG M3203C-BA WIDE SCREEN LCD
800-0918,MTL-LG-M3203CC-BA-F,LG M3203CC-BA WIDE SCREEN LCD
800-0919,MTL-LG-M3800S-BN-F,LG M3800S-BN STRETCH SCREEN
800-0920,MTL-LG-N1742LP-BF-F,17in  N1742LP-BF LCD MONITOR
800-0921,MTL-LG-N1910LZ-BF-F,LG N1910LZ-BF 18.5 LCD
800-0922,MTL-LG-W1942TEBF-NSF,LG W1942TE-BF W/OUT STAND
800-0923,MTL-LG-W2363D-PU-OB,23in LG W2363D-PU LED LCD
800-0924,MTL-SAMS-S23C350H,SAMSUNG S23C350H 23in LCD
800-0925,MTL-SAMS-S24D300H,SAMSUNG S24D300H 23.6in LED
800-0926,MTL-V7-D19W12-N6,V7 D19W12-N6 19 LCD RETAIL
800-0927,MTL-V7-XP19WD,V7 XP19WD 19 LCD RETAIL
800-0928,ND-IO-SI-PEX24038,IOCREST PCIe GIGABIT CARD
800-0929,ND-TP-TG-3269,TP-LINK GbE PCI NETWORK CARD
800-0930,ND-TP-TG-3468,TP-LINK GbE PCIe NETWORK CARD
800-0931,ND-WN-TP-TL-WDN4800,TP-LINK WDN4800 802.11N PCIE
800-0932,ND-WN-TP-TL-WN751ND,TP-LINK WN751ND 802.11N PCI
800-0933,ND-WN-TP-TL-WN781ND,TP-LINK WN781ND 802.11N PCIE
800-0934,ND-WN-TP-TL-WN851N,TP-LINK WN851ND 802.11N PCI
800-0935,ND-WN-TP-TL-WN881ND,TP-LINK WN881ND 802.11N PCIe
800-0936,NET-ADSL-NET-DL4201,NETIS ADSL2+ MODEM
800-0937,NET-ADSL-TP-8816,TP-LINK ADSL2+ MODEM ROUTER
800-0938,NET-ADSL-TP-8816-OB,TP-LINK ADSL2+ MODEM ROUTER
800-0939,NET-ADSL-TP-W8951ND,TP-LINK W8951ND ADSL2+ MODEM
800-0940,NET-ADSL-TP-W8960N,TP-LINK ADSL2+ MODEM WRLS
800-0941,NET-APWN-PQ-6W410R02,PQI 6W41-0000R2002 WIFI AIRPEN
800-0942,NET-APWN-TL-WA7510N,TP-LINK WA7510N OUTDOOR AP
800-0943,NET-APWN-TL-WA801ND,TP-LINK WA801ND 802.11N AP
800-0944,NET-BRGAC-TN-TEW800M,TRENDNET TEW-800MB BRIDGE
800-0945,NET-CAM-GC-81629,WIFI SMOKE DETECTOR CAM
800-0946,NET-CAM-GC-81703,WIRELESS PTZ NETWORK CAMERA
800-0947,NET-CMOD-ZM-5341J,ZOOM DOCSIS 3.0 CABLE MODEM
800-0948,NET-ENCL-AK-CLOUDHYB,AKITIO CLOUD HYBRID
800-0949,NET-POE-TP-POE10R,TP LINK POE10R PoE SPLITTER
800-0950,NET-POE-TP-POE200,TP LINK POE200 PoE ADAPTER KIT
800-0951,NET-PRS-TP-PS110P,TP-LINK PARALLEL PRINT SERVER
800-0952,NET-PRS-TP-WPS510U,TP-LINK WIRELESS PRINT SERVER
800-0953,NET-PRU-PWI-USB-GL1K,PRUDENT WAY USB2.0 TO GbE
800-0954,NET-PRU-PWI-USB-LAN,PRUDENT WAY USB2.0 TO 10/100
800-0955,NET-SWG-LI-SE2800-NP,LINKSYS 8 PORT GIGABIT SWITCH
800-0956,NET-SWG-TP-SG1005D,TP-LINK 5PT GIGABIT SWITCH
800-0957,NICL-WN-LIN-WPC600N,LINKSYS 802.11n WPC600N-RM
800-0958,NICM-WAC-IN-7260HMW,INTEL 7260 MINI PCIe 802.11AC
800-0959,NICM-WN-IN-7260HMWNB,INTEL 7260 MINI PCIe 802.11N
800-0960,NL-GF-EE102DLX,GIGAFAST 10/100 PCMCIA ADAPTER
800-0961,NRAC-EG-ESR1200-OB,ENGENIUS ESR1200 802.11AC
800-0962,NRAC-TP-ARCHERC8,TP-LINK ARCHER C8 802.11AC
800-0963,NRN-ADSL-AT-GT784WN,ACTIONTEC 802.11N ADSL MODEM
800-0964,NRN-LI-E1200-CA,LINKSYS E1200 802.11N
800-0965,NRN-LI-E1200-CA-OB,LINKSYS E1200 802.11N
800-0966,NRN-LI-EA3500-NP,LINKSYS EA3500 802.11N
800-0967,NRN-TP-TL-WDR4300,TP-LINK TL-WDR4300  802.11N
800-0968,NRN-TP-TL-WR1043NDV2,TP-LINK TL-WR1043ND V2 802.11N
800-0969,NRN-TP-TL-WR700N,TP-LINK TL-WR700N 802.11N MINI
800-0970,NRN-TP-TL-WR702N,TP-LINK TL-WR702N 802.11N NANO
800-0971,NRN-TP-TL-WR840N,TP-LINK TL-WR840N  802.11N
800-0972,NRN-TP-TL-WR840N-OB,TP-LINK TL-WR840N  802.11N
800-0973,NRN-TP-TL-WR843ND,TP-LINK TL-WR843ND 802.11 ROUT
800-0974,NRN-TP-TL-WR941ND,TP-LINK TL-WR941ND 802.111N
800-0975,NT-ANT-EXT-1.1M,EXTERNAL WIFI ANTENNA
800-0976,NT-ANT-TL-ANT2408CL,TP LINK OMNI DIRECTIONAL ANT
800-0977,NT-ANT-TL-ANT2409A,TP LINK DIRECTIONAL ANT
800-0978,NT-ANT-TL-ANT2412D,TP LINK OMNI-DIRECTIONAL ANT
800-0979,NT-ANT-TL-ANT2414A,TP LINK DIRECTIONAL ANT
800-0980,NT-ANT-TL-ANT2414B,TP LINK DIRECTIONAL ANT
800-0981,NT-ANT-TL-ANT2424B,TP LINK PARABOLIC ANTENNA
800-0982,NT-CMOD-MT-SB6141,MOTOROLA SB6141 CABLE MODEM
800-0983,NT-CMOD-MT-SBG658-OB,MOTOROLA SBG6580 CABLE MODEM
800-0984,NT-HUB-LI-EF2H16,LINKSYS EF2H16 16PT 10/100 HUB
800-0985,NT-PWL-BEL-F5D4077,BELKIN POWERLINE INTERNET ADPT
800-0986,NT-REXN-HA-HWREN2-OB,HAWKING HWREN25 EXTENDER
800-0987,NT-REXN-TL-WA730RE,TP-LINK 802.11N RANGE EXTENDER
800-0988,NT-SW-GF-EZ520-S,GIGAFAST 5-PORT NETWORK SWITCH
800-0989,NT-SW-GF-EZ820-S,GIGAFAST 8-PORT NETWORK SWITCH
800-0990,NU-WAC-TP-ARCHERT4U,TP-LINK ARCHER T4U 802.11AC
800-0991,NU-WN-PRU-USB-WN150,PRUDENT WAY WN150 MINI 802.11N
800-0992,NU-WN-PRU-USB-WN300,PRUDENT WAY WN300 MINI 802.11N
800-0993,NU-WN-TP-WDN4200,TP-LINK WDN4200 802.11N USB
800-0994,NU-WN-TP-WN7200ND,TP-LINK WN7200ND 802.11N USB
800-0995,NU-WN-TP-WN721N,TP-LINK WIRELESS N USB ADAPTER
800-0996,NU-WN-TP-WN822N,TP-LINK WN822N 802.11N MINIUSB
800-0997,PB-SYS-3B-IN-G2030,3B Custom System
800-0998,PD-AC-DQ-SQEAA-005-F,ACER ASPIRE AZ3-605-UB37 AIO
800-0999,=C265PD-AC-DQ-STHAA-001-F,ACER ASPIRE AZ3-600-UB30 AIO
800-1000,PD-AC-DQ-STHAA-007-F,ACER ASPIRE AZ3-600-UB16 AIO
800-1001,PD-AC-DQ-SUNAA-001-F,ACER ASPIRE AU5-620-UB10 AIO
800-1002,PD-AC-DQ-SXBAA-002-F,ACER ASPIRE AZ1-621-UH24 AIO
800-1003,PD-DE-745USF-D30-1-8,DELL GX745 USFF DESKTOP COMP
800-1004,PD-DE-I2330T-7273K-F,DELL INSPIRON IO2330T-7273BK
800-1005,PD-DE-I3048-2286K-F,DELL INSPIRON I3048-2286BLK
800-1006,PD-DE-I3847-6158K-F,DELL INSPIRON I3847-6158BLK
800-1007,PD-DE-I3847-6159K-F,DELL INSPIRON I3847-6159BLK
800-1008,PD-DE-I5348-2000K-F,DELL INSPIRON I5348-2000BLK
800-1009,PD-DE-I5348-8889K-F,DELL INSPIRON I5348-8889BLK
800-1010,PD-DE-I660-7029K-F,DELL INSPIRON I660-7029BK
800-1011,PD-DE-XPS870-4386K-F,DELL XPS8700-4386BLK DESKTOP
800-1012,PD-DE-XPS870-4562K-F,DELL XPS8700-4562BLK DESKTOP
800-1013,PD-DE-XPS870-8757K-F,DELL XPS8700-8757BLK DESKTOP
800-1014,PD-DE-XPS870-9375K-F,DELL XPS8700-9375BLK DESKTOP
800-1015,PD-DE-XPSO27T-707K-F,DELL XPSO27T-707BLK
800-1016,PD-GW-DQ-GEUAA-002-F,GATEWAY ZX4270-UR32 AIO
800-1017,PD-HP-62PR-G84-4-250,HP 6200 PRO SFF
800-1018,PD-HP-E80-84-4-160,HP ELITE 8000 SFF
800-1019,PD-HP-E82-25-4-500,HP ELITE 8200 SFF
800-1020,PD-HP-H5P60AA-F,HP PAVILION TOUCHSMART 23-F254
800-1021,PD-LEN-0967A9U-OB,LENOVO THINKCENTRE M72E 0967
800-1022,PL-DE-15RMT-7566SL-F,DELL I15RMT-7566SLV LAPTOP
800-1023,PL-DE-15RVT-13287K-F,DELL INSPIRON I15RVT-13287BLK
800-1024,PL-DE-17HI7161T-F,DELL 17H-I7-16-1-T LAPTOP
800-1025,PL-DE-I15MT-3904SL-F,DELL I15RMT-3904SLV LAPTOP
800-1026,PL-DE-I15RV-6143BK-F,DELL I15RV-6143BLK BLACK
800-1027,PL-DE-I17RV-3640K-F,DELL I17RV-3640BK LAPTOP
800-1028,PL-DE-I3137-3751SL-F,DELL I3137-3751SLV LAPTOP
800-1029,PL-DE-I3148-6840SL-F,DELL I3148-6840SLV LAPTOP
800-1030,PL-DE-I3541-2000K-F,DELL I3541-2000BLK LAPTOP
800-1031,PL-DE-I3541-2001K-F,DELL I3541-2001BLK LAPTOP
800-1032,PL-DE-I3542-3334K-F,DELL I3542-3334BK LAPTOP
800-1033,PL-DE-I3542-5000K-F,DELL I3542-5000BK LAPTOP
800-1034,PL-DE-I3542-6666K-F,DELL I3542-6666BK LAPTOP
800-1035,PL-DE-I3542-8333K-F,DELL I3542-8333BK LAPTOP
800-1036,PL-DE-I3543-3251K-F,DELL I3543-3251BLK LAPTOP
800-1037,PL-DE-I5447-6250SL-F,DELL I5447-6250SLV LAPTOP
800-1038,PL-DE-I5447-8751SL-F,DELL I5447-8751SLV LAPTOP
800-1039,PL-DE-I5535-245SL-F,DELL I5535-245SLV LAPTOP
800-1040,PL-DE-I5535-2684SL-F,DELL I5535-2684SLV LAPTOP
800-1041,PL-DE-I5545-1250SL-F,DELL I5545-1250SLV LAPTOP
800-1042,PL-DE-I5545-2501SL-F,DELL I5545-2501SLV LAPTOP
800-1043,PL-DE-I5545-3750SL-F,DELL I5545-3750SLV LAPTOP
800-1044,PL-DE-I5547-1250SL-F,DELL I5547-12500SLV LAPTOP
800-1045,PL-DE-I5547-1501SL-F,DELL I5547-15001SLV LAPTOP
800-1046,PL-DE-I5547-5001SL-F,DELL I5547-5001SLV LAPTOP
800-1047,PL-DE-I5547-5780SL-F,DELL I5547-5780SLV LAPTOP
800-1048,PL-DE-I5547-7500SL-F,DELL I5547-7500SLV LAPTOP
800-1049,PL-DE-I5748-1143SL-F,DELL I5748-1143SLV LAPTOP
800-1050,PL-DE-I5748-2143SL-F,DELL I5748-2143SLV LAPTOP
800-1051,PL-DE-I5748-5000SL-F,DELL I5748-5000SLV LAPTOP
800-1052,PL-DE-I5748-8573SL-F,DELL I5748-8573SLV LAPTOP
800-1053,PL-DE-I5749-1111SL-F,DELL I5749-1111SLV LAPTOP
800-1054,PL-DE-I737T-4994SL-F,DELL I7737T-4994SLV LAPTOP
800-1055,PL-DE-I743T-3133SL-F,DELL I7437T-3133SLV LAPTOP
800-1056,PL-DE-I753T-2786SL-F,DELL I7537T-2786SLV LAPTOP
800-1057,PL-DE-I7746-3125SL-F,DELL I7746-3125SLV LAPTOP
800-1058,PL-DE-X13UL-4289SL-F,DELL XPS13ULT-4289SLV
800-1059,PL-DE-XPS11-9231CF-F,DELL XPS 11 XPS11-9231CFB
800-1060,PL-DE-XPS15-4737SL-F,DELL INSIPRON XPS15-4737SLV
800-1061,PL-DE-XPS15-6845SL-F,DELL INSIPRON XPS15-6845SLV
800-1062,PL-DE-XPSU12-4672C-F,DELL XPS 12 XPSU12-4672CR
800-1063,PL-DE-XPSU12-8000C-F,DELL XPS 12 XPSU12-8000CRBFB
800-1064,PL-HP-D1A49UA-F,HP PAVILION 14-C015DX
800-1065,PL-HP-E1Z20UT-F,HP PRO BOOK 4540S
800-1066,PL-HP-E2S25UA-F,HP TOUCHSMART 11-E110NR
800-1067,PL-HP-E8C34UA-F,HP SPLIT 13-G110DX X2
800-1068,PL-HP-E8C36UA-F,HP SPLIT 13-G210DX X2
800-1069,PL-HP-E9G69UA-MFR,HP PAVILION 15-N048CA
800-1070,PL-HP-E9L40UA-F,HP PAVILION 13-P110NR X2
800-1071,PL-HP-EB254-L640-4,HP ELITEBOOK 2540P
800-1072,PL-HP-EB84-4-320,HP ELITEBOOK 8440P
800-1073,PL-HP-F9H95UA-MFR,HP PAVILION 15G-010DX
800-1074,PL-HP-F9J13UA-MFR,HP PAVILION 15-G039WM
800-1075,PL-HP-G4X63UA-F,HP PAVILION 17-E118DX
800-1076,PL-HP-G6R30UA-F,HP PAVILION 17-F053US
800-1077,PL-HP-G9D74UA-F,HP NOTEBOOK 15-R029WM
800-1078,PL-HP-G9D77UA-F,HP TOUCHSMART 15-R052NR
800-1079,PL-HP-J6P02UA-MFR,HP ENVY 15-K167CL
800-1080,PL-HP-LV045UA-OB,HP ENVY 17-2090NR NOTEBOOK
800-1081,PL-LEN-59442503,LENOVO IDEAPAD B50-45
800-1082,PL-TSH-C55-A5137-F,TOSHIBA SATELLITE C55-A5137
800-1083,PL-TSH-C55-B5200-OB,TOSHIBA SATELLITE C55-B5200
800-1084,PL-TSH-C55-B5201-F,TOSHIBA SATELLITE C55-B5201
800-1085,PL-TSH-C55D-A5348-OB,TOSHIBA SATELLITE C55DT-A5348
800-1086,PL-TSH-S55T-B5239,TOSHIBA SATELLITE S55T-B5239
800-1087,PL-TSH-Z10T-A1110-F,TOSHIBA PORTEGE Z10T-A1110
800-1088,PL-TSH-Z10T-A1111-F,TOSHIBA PORTEGE Z10T-A1111
800-1089,PS-CM-450W-24PIN-OB,CHIEFMAX 450W 20/24PIN VER 2
800-1090,PS-CM-450W-24PIN-V2,CHIEFMAX 450W 20/24PIN VER 2
800-1091,PS-CM-650W-24PIN-OB,CHIEFMAX 650W 20/24PIN VER 2
800-1092,PS-CM-650W-24PIN-V2,CHIEFMAX 650W 20/24PIN VER 2
800-1093,PS-DT-PSDA-600,DIABLOTEK 600 WATT PSU
800-1094,PSM-CM-450W-24PIN,CHIEFMAX 450W uATX 24/20PIN PS
800-1095,PS-VTK-450W-24PIN-OB,VIOTEK 450W 20/24PIN ATX VER 2
800-1096,PS-VTK-550W-24P-OB,VIOTEK 550W 20/24PIN ATX VER 2
800-1097,PS-VTK-550W-24P-V2,VIOTEK 550W 20/24PIN ATX VER 2
800-1098,PS-VTK-850W-24PIN-OB,VIOTEK 850W ATX PS W/24/20 PIN
800-1099,PT-CAN-IP2820,CANON PIXMA IP2820 PRINTER
800-1100,PT-CAN-MF227DW,CANON B&W LASER MULTIFUNCTION
800-1101,PT-CAN-MF3010-OB,CANON B&W LASER MULTIFUNCTION
800-1102,PT-CAN-MG5520,CANON MG5520 AIO INKJET
800-1103,PT-CAN-MG5520-OB,CANON MG5520 AIO INKJET
800-1104,PT-CAN-MG7120-OB,CANON MG7120 AIO INKJET
800-1105,PT-HP-7110,HP WIDE FORMAT OFFICEJET 7110
800-1106,PT-HP-A7F65A,HP OFFICEJET 8620 AIO PRINTER
800-1107,PT-HP-A9J40A,HP ENVY 5530 E-AIO PRINTER
800-1108,PT-HP-A9J40A-OB,HP ENVY 5530 E-AIO PRINTER
800-1109,PT-HP-B3Q11A,HP LASERJET PRO MFP M277DW
800-1110,PT-HP-C5X25A,HP DESKJET 1513
800-1111,PT-HP-C5X25A-OB,HP DESKJET 1513
800-1112,PT-HP-CE461A,HP LASERJET P2035
800-1113,PT-HP-CE461A-OB,HP LASERJET P2035
800-1114,PT-HP-CE527A,HP LASERJET P3015N
800-1115,PT-HP-CE957A-FNT,HP LASERJET PRO 400 M451DN
800-1116,PT-HP-CE957A-OB,HP LASERJET PRO 400 M451DN
800-1117,PT-HP-CE989A-OB,HP LASERJET ENTERPRISE M601N
800-1118,PT-HP-CE991A-F,HP LASERJET ENTERPRISE M602N
800-1119,PT-HP-CF286A,HP LASERJET M425DN LASER AIO
800-1120,PT-HP-CF399A,HP LASERJET M401DNE LASER JET
800-1121,PT-HP-CF399A-NT,HP LASERJET M401DNE NO TONER
800-1122,PT-HP-CF399A-OB,HP LASERJET M401DNE LASER JET
800-1123,PT-HP-CF456A,HP LASERJET PRO M201DW
800-1124,PT-HP-CF485A,HP LASERJET M225DW LASER AIO
800-1125,PT-HP-CZ045A,PHOTOSMART 7520 E-ALL-IN ONE
800-1126,PT-HP-CZ045A-OB,PHOTOSMART 7520 E-ALL-IN ONE
800-1127,PT-HP-CZ165A-FNT,HP LASERJET M177FW *NO TONER*
800-1128,PT-HP-F8B04A,HP ENVY 5660 E-AIO PRINTER
800-1129,PT-HP-G1X85A,HP OFFICEJET 7612 WIDE FORMAT
800-1130,PT-HP-G1X85A-OB,HP OFFICEJET 7612 WIDE FORMAT
800-1131,PT-HP-P1102W,HP LASERJET PRO P11022W
800-1132,PT-HP-P1102W-OB,HP LASERJET PRO P1102W
800-1133,RAMD-D1-MU-2700-1G,MUSHKIN PC2700 (333) 1GB DIMM
800-1134,RAMD-D2-6400-1G-P,MAJOR BRAND 6400 (800) 1GB
800-1135,RAMD-D2-CR-5300-2G,CRUCIAL 5300 (667) 2GB DDR2
800-1136,RAMD-D2-CR-6400-1G,CRUCIAL 6400 (800) 1GB DDR2
800-1137,RAMD-D2-MU-5300-2G,MUSHKIN PC5300 (667MHZ) 2GB
800-1138,RAMD-D2-MU-6400-1G,MUSHKIN PC6400 (800) 1GB DIMM
800-1139,RAMD-D2-MU-6400-2G,MUSHKIN PC6400 (800) 2GB DIMM
800-1140,RAMD-D3-12800-4G-P,1600MHz (12800) 4GB DDR3
800-1141,RAMD-D3-CR-12800-8G,CRUCIAL 1600 (12800) 8G DDR3
800-1142,RAMD-D3-MU-10600-8G,MUSHKIN PC10600 8GB DDR3
800-1143,RAMD-D3-MU-1060-16GK,MUSHKIN PC10600 16GB KIT DDR3
800-1144,RAMD-D3-MU-10666-4G,MUSHKIN PC10666 4GB DDR3
800-1145,RAMD-D3-MU-8500-4G,MUSHKIN PC8500 (1066MHZ) 4GB
800-1146,RAMD-D3-MU-B1280-4G,MUSHKIN BLACKLINE 12800 4GB
800-1147,RAMD-D3-MU-B1700-16K,MUSHKIN BLACKLINE 17000 16 KIT
800-1148,RAMD-D3-MU-B1700-8K,MUSHKIN BLACKLINE 17000 8G KIT
800-1149,RAMD-D4-CR-17000-4G,CRUCIAL 2133 (17000) 4G DDR4
800-1150,RAMD-SD-133-512,PC133 512MB 168PIN DIMM RAM
800-1151,RAML-D1-CR-2700-1G,CRUCIAL 2700 (333) 1GB OEM
800-1152,RAML-D1-MU-2100-1G,MUSHKIN PC2100 (266) 1G SODIMM
800-1153,RAML-D1-MU-2700-1G,MUSHKIN PC2700 (266) 1G SODIMM
800-1154,RAML-D2-CR-5300-1G,CRUCIAL 5300 (667) 1GB DDR2
800-1155,RAML-D2-CR-5300-2G,CRUCIAL 5300 (667) 2GB DDR2
800-1156,RAML-D2-CR-6400-2GB,CRUCIAL 6400 (800) 2GB DDR2
800-1157,RAML-D2-HP-VM443AA-F,HP 1GB PC6400 (800MHz) DDR2
800-1158,RAML-D2-MU-4200-1G,MUSHKIN PC4200 (533) 1G SODIMM
800-1159,RAML-D2-MU-4200-2G,MUSHKIN PC4200 (533) 2G SODIMM
800-1160,RAML-D2-MU-5300-1G,MUSHKIN PC5300 (667) 1G SODIMM
800-1161,RAML-D2-MU-6400-1G,MUSHKIN PC6400 (800) 1G SODIMM
800-1162,RAML-D2-MU-6400-2G,MUSHKIN PC6400 (800) 2G SODIMM
800-1163,RAML-D3-10600-2G-P,PC3-10600 1333 2G SODIMM PULL
800-1164,RAML-D3-12800-4G-P,PC3-12800 1600 4G SODIMM PULL
800-1165,RAML-D3-MU-10666-4G,MUSHKIN 10666 (1333) 4G SODIMM
800-1166,RAML-D3-MU-10666-8G,MUSHKIN 10666 (1333) 8G SODIMM
800-1167,RAML-D3-MU-12800-8G,MUSHKIN 12800 (1600) 8G SODIMM
800-1168,RAML-D3-MU-8500-4G,MUSHKIN 8500 (1066) 4G SODIMM
800-1169,SC-AS-SUPFX,ASUS SUPREMEFX PCIe
800-1170,SC-AS-XONAR-DG,ASUS XONAR DG SOUND CARD
800-1171,SC-CL-SB-AUD-SE,SOUND BLASTER AUDIGY SE
800-1172,SC-CL-SB-SB1500,SOUND BLASTER Z SOUND CARD
800-1173,SC-CL-SB-SB15501-OB,CREATIVE AUDIGY RX
800-1174,SC-PRU-PWI-USB-A71,PRUDENT WAY USB2.0 SOUND CARD
800-1175,SC-ST-PCISOUND5CH2,STARTECH 5.1CH PCI SOUND CARD
800-1176,SE-CA-83565,100FT BNC CABLE WITH POWER
800-1177,SE-CAM-GC-00971,HD VIDEO USB DISK
800-1178,SE-CAM-GC-01611,MULTIFUNCTION CLOCK W/ CAMERA
800-1179,SE-CAM-GC-81789,SMOKE DETECTOR CAMERA
800-1180,SE-CAM-GC-82502,720P HD CAMERA EYEWEAR
800-1181,SE-CAM-GC-82505,ANALOG WATCH WITH DV CAMERA
800-1182,SE-CAM-GC-82541,CAR KEY FOB CAMERA
800-1183,SE-CAM-GC-82543,CAR KEY WITH FOB CAMERA
800-1184,SE-CAM-GC-82555,INK PEN WITH DV CAM
800-1185,SE-CAM-GC-84321,MINI DVR 808 KEYCHAIN CAMERA
800-1186,SE-CAM-VO-IN-VCD501B,VONNIC VCD501B DOME CAMERA BLK
800-1187,SE-CA-RG59-END,F COMPRESSION ENDS FOR RG59
800-1188,SE-CA-RG6-SIN-GD-1K,SINGLE RG6 CABLE W/GROUND 1K
800-1189,SE-CA-TYPEF-END,F COMPRESSION ENDS FOR RG6
800-1190,SE-DC-CCTV-CNVRT,DC TO CCTV MALE CONNECTOR
800-1191,SE-DVR-VO-K4108SE,VONNIC K4108SE 8CH DVR
800-1192,SE-DVR-ZM-81838,ZMODO VIDEO SURVEILLANCE KIT
800-1193,SN-AV-0743D-01G-F,AVISION MIWAND2 PURPLE
800-1194,SN-AV-0743Q-00G-F,AVISION F1 DOCKING UNIT
800-1195,SP-CA-2012,CYBER ACOUSTICS 2012 2 CH
800-1196,SP-CA-3810,CYBER ACOUSTICS 3810 2.1CH
800-1197,SP-CL-A250,CREATIVE A250 2.1 SPEAKER SET
800-1198,SP-CL-A550,CREATIVE A550 5.1 SPEAKER SET
800-1199,SP-CL-INSP-A60,CREATIVE INSPIRE A60 2CH
800-1200,SP-CL-INSP-T10,CREATIVE INSPIRE T10 2CH
800-1201,SP-D2-DSP-R1-BK,D2 DSP-R1_BK WOW SPEAKER
800-1202,SP-D2-DSP-R1-PL,D2 DSP-R1_PL WOW SPEAKER
800-1203,SP-D2-DSP-R1-RD,D2 DSP-R1_RD WOW SPEAKER
800-1204,SP-GC-83339-2,BLUETOOTH MINI SPEAKER BLK/RD
800-1205,SP-IN-88038,INLAND 2.0 USB POWERED SPEAKER
800-1206,SP-KIN-BT-150,KINYO TRILLEON II BLUETOOTH
800-1207,STW-MS-OF13-HBUS,MS OFFICE 2013 HOME & BUS PKC
800-1208,STW-MS-OF365-HPRE-5P,MS OFFICE 365 HOME PREMIUM PKC
800-1209,STW-MS-W7-H-PRE32,MS WIN 7 HOME PREMIU 32BIT DVD
800-1210,STW-MS-W7-H-PRE64,MS WIN 7 HOME PREMIU 64BIT DVD
800-1211,STW-MS-W7-PRO32,MS WIN 7 PROFESSIONAL 32BIT
800-1212,STW-MS-W7-PRO64,MS WIN 7 PROFESSIONAL 64BIT
800-1213,STW-MS-W8-64,MS WINDOWS 8.1 64BIT
800-1214,STW-MS-W8-PRO64,MS WIN 8.1 PROFESSIONAL 64BIT
800-1215,SUP-ESD-5.5X8-200PK,5 1/2in X 8in ESD BAG 200 PAC
800-1216,SUP-IJ-CA-250-5PK,CANON STARTER 250/251 5 PACK
800-1217,SUP-IJ-EDB-250-5PK-F,EDIBLE CANON 250/251 INK & PPR
800-1218,SUP-IJ-EDB-CANFLUSH,INK FLUSH KIT FOR CANON
800-1219,SUP-IJ-EDB-CANREFFLU,REFILL AND FLUSH KIT FOR CANON
800-1220,SUP-IJ-EDB-CANREFKIT,EDIBLE INK REFILL KIT FOR CAN
800-1221,SUP-IJ-EDB-FROST24,PRINTABLE FROSTING SHEETS 24PK
800-1222,SUP-IJ-EDB-T200-4PK,EDIBLE EPSON T200XL INK & PPR
800-1223,SUP-IJ-EDB-WAFER24,PRINTABLE WAFER SHEETS 24PK
800-1224,SUP-IJ-EP-200-4PK,EPSON 200 STARTER INK 4 PACK
800-1225,SUP-IJ-GC-T069-4PK-F,GENERIC EPSON T069 4 PACK
800-1226,SUP-LT-ST-E40,ST-E40 LASER TONER FOR CANON
800-1227,TAB-AR-502153,ARNOVA CHILDPAD 502153
800-1228,TAB-AR-502153-OB,ARNOVA CHILDPAD 502153
800-1229,TAB-CO-MID7042-4-OB,COBY KYROS ANDROID 7in TABLET
800-1230,TAB-D2-912-BK-OB,D2 PAD 9 INTERNET TABLET BLK
800-1231,TAB-D2-912-WH-OB,D2 PAD 9 INTERNET TABLET WHT
800-1232,TAB-DE-BELL8-PRO81-F,DELL VENUE 8 BELL8-PRO81
800-1233,TAB-DE-PR11-2500K-F,DELL VENUE 11 PRO11-2500BLK
800-1234,TAB-DE-PR11I-6363K-F,DELL VENUE 11 PRO11I-6363BLK
800-1235,TAB-DE-V7TBL-1667K-F,DELL VENUE 7 TABLET BLACK
800-1236,TAB-DE-V7TBL-1667R-F,DELL VENUE 7 TABLET RED
800-1237,TAB-DE-V8TBL-3334K-F,DELL VENUE 8 TABLET BLACK
800-1238,TAB-DE-V8TBL-3334R-F,DELL VENUE 8 TABLET RED
800-1239,TAB-GS-QV830-BK,GIGASET QV830 8 TABLET BLACK
800-1240,TAB-GS-QV830-BK-OB,GIGASET QV830 8 TABLET BLACK
800-1241,TAB-GS-QV830-SL,GIGASET QV830 8 TABLET SLV
800-1242,TAB-GS-QV830-SL-OB,GIGASET QV830 8 TABLET SLV
800-1243,TAB-HS-SNAT71BUE,HANNSPREE SN1AT71BUE 10.1
800-1244,TAB-LEN-367923U-F,LENOVO THINKPAD TABLET 2
800-1245,TAB-LP-LEPAN2-OB,LE PAN 2 TABLET PC ANDROID 3.2
800-1246,TAB-LP-TC802A,LE PAN MINI 8 TABLET
800-1247,TAB-LP-TC802A-OB,LE PAN MINI 8 TABLET
800-1248,TAB-MS-7SX-00001-F,MICROSOFT SURFACE PRO 2
800-1249,TAB-MS-7SX-00001-OB,MICROSOFT SURFACE PRO 2
800-1250,TAB-VTK-83380-13,VIOTEK EYEGUARD FOR IPAD MINI
800-1251,TAB-VTK-83380-14,VIOTEK EYEGUARD FOR IPAD 2
800-1252,TG-AS-DESK-ST-M3013,STARTECH DESKTOP ANTI STATIC
800-1253,TG-AS-WRST-KW-ATSW24,KINGWIN ATS-W24 ANTI-STATIC
800-1254,TG-CA-FS-TRP-DPSXL3M,FALCON SAFETY TRIPLE PACK
800-1255,TG-CA-FS-WIPE-DPSCT,FALCON SAFETY COMP AIR + WIPES
800-1256,TG-GC-81851,STAR WARS DEATH STAR ICE MOLD
800-1257,TG-GC-82344,5 IN 1 BEAUTY CARE MASSAGER
800-1258,TG-GC-83318,SUBMERSIBLE FLASHLIGHT
800-1259,TG-GC-83471,MULTI-COLOR ROTATING LAMP
800-1260,TG-GC-83536-1,4 IN 1 BEAUTY CARE MASSAGER
800-1261,TG-GC-83677,USB VOLTAGE TESTER
800-1262,TG-GC-84580,DIGITAL THERAPY MACHINE
800-1263,TG-NOV-DC-MISSLE-3PK,3 PK MISSILES FOR LAUNCHER
800-1264,TG-PD-TRN-TC-PDT,TRENDNET PUNCH DOWN TOOL
800-1265,TG-TSTR-ST-PSUTEST20,STARTECH 20PIN ATX PSU TESTER
800-1266,TG-WA-VIN-MV6,VINAERA MV6 WINE AERATOR
800-1267,TG-WIPE-FS-80-DSCT,FALCON SAFETY 80PK MON WIPES
800-1268,UPS-CP-CP350SLG,CYBERPOWER CP350SLG 350VA
800-1269,UPS-PCM-BNT-1000CSU,POWERCOM BNT-1000CSU 1000VA
800-1270,UPS-PCM-BNT-1500AP,POWERCOM BNT-1500AP 1500VA UPS
800-1271,UPS-PCM-BNT-800AP,POWERCOM BNT-800AP 800VA UPS
800-1272,UPS-PCM-KIN-2200AP,POWERCOM KIN-2200AP 2200VA
800-1273,USB-HUB-GEN-2.0-10P,USB 2.0 10 PORT HUB w/AC
800-1274,USB-HUB-GEN-2.0-4P,USB 2.0 4 PORT HUB w/AC
800-1275,USB-HUB-GEN-2.0-7P,USB 2.0 7 PORT HUB w/AC
800-1276,USB-LED-GC-83649-3,LED PORTABLE LAMP
800-1277,VA-CM-RAGEXL-8MB-PCI,ATI RAGE XL 8MB PCI VIDEO CARD
800-1278,VA-DT-V9000-P64,DIABLOTEK RADEON 9000 64MB PCI
800-1279,VA-DT-VAR128P-32P,DIABLOTEK RAGE 128PRO 32MB PCI
800-1280,VA-DT-VARX-8P,DIABLOTEK RAGE XL 8MB PCI
800-1281,VA-SA-11216-00-20G,SAPPHIRE R7 240 2GB
800-1282,VA-SA-11217-02-40G-F,SAPPHIRE TOXIC R9 270X 2GB
800-1283,VN-AS-ENGT440-DI-1G5,ASUS GT 440 1GB PCIe
800-1284,VN-AS-GT610-2GD3-CSM,ASUS GT610 2GB DDR3
800-1285,VN-AS-GT610-SL1GD3-L,ASUS GT610 1GB DDR3
800-1286,VN-EV-01G-P4-2751-KR,EVGA GTX750 1GB
800-1287,VN-EV-6200-512-PCI,EVGA 6200 512MB PCI VIDEO CRD
800-1288,VN-SP-GTX275-896MB,SPARKLE GTX275 896MB PCIe
800-1289,WA-84632-1,LACE LINGERIE MEDIUM
800-1290,WA-84632-2,LACE LINGERIE LARGE
800-1291,WA-84632-3,LACE LINGERIE X-LARGE
800-1292,WA-84632-4,LACE LINGERIE XX-LARGE
800-1293,WA-84633-1,HALTER NECK RED
800-1294,WA-84633-2,HALTER NECK GREEN
800-1295,WA-84633-3,HALTER NECK BLACK
800-1296,WA-84633-4,HALTER NECK ROSE RED
800-1297,WA-84637,BLACK SEXY LINGERIE
800-1298,WA-84639-1,BLUE LINGERIE MEDIUM
800-1299,WA-84639-2,BLUE LINGERIE X-LARGE
800-1300,WA-84639-3,BLUE LINGERIE XX-LARGE
800-1301,WA-84639-4,BLUE LINGERIE XXX-LARGE
800-1302,WA-84640-1,TEMPTATION BRIEFS BLACK SM
800-1303,WA-84640-10,TEMPTATION BRIEFS WHITE MED
800-1304,WA-84640-11,TEMPTATION BRIEFS WHITE LRG
800-1305,WA-84640-2,TEMPTATION BRIEFS BLACK MED
800-1306,WA-84640-3,TEMPTATION BRIEFS BLACK LRG
800-1307,WA-84640-4,TEMPTATION BRIEFS BLACK XLRG
800-1308,WA-84640-5,TEMPTATION BRIEFS ROSE SMALL
800-1309,WA-84640-6,TEMPTATION BRIEFS ROSE MED
800-1310,WA-84640-7,TEMPTATION BRIEFS ROSE LRG
800-1311,WA-84640-8,TEMPTATION BRIEFS ROSE XLRG
800-1312,WA-84640-9,TEMPTATION BRIEFS WHITE SM
800-1313,WC-LOG-C270,LOGITECH C270 USB WEBCAM
800-1314,WC-LOG-C270-OB,LOGITECH C270 USB WEBCAM
800-1315,WC-LOG-C920,LOGITECH C920 HD WEBCAM
800-1316,XG-DE-I5348-5555K-A,DELL INSPIRON I5348-5555BLK
800-1500,AM-BKUP-GC-81581,
800-1501,AM-CAM-GC-81738,
800-1502,AM-GC-85007,
800-1503,AM-TI-HW-25EC,
800-1504,AM-VT-83585,
800-1505,AM-VT-SC-C-BL-OB,
800-1506,CAB-ADPT-SAF-4PM,
800-1507,CAB-BY-HDD-POWER,
800-1508,CAB-CAT5-1000FT,
800-1509,CAB-CAT6-1000FT,
800-1510,CAB-CAT6-14FT,
800-1511,CAB-CD-AUDIO,
800-1512,CAB-CG-PARA-12FT,
800-1513,CAB-CG-RA-VAL-MM25,
800-1514,CAB-GC-83673,
800-1515,CAB-GC-83793,
800-1516,CAB-GC-84568,
800-1517,CAB-GC-84777,
800-1518,CAB-GC-84855,
800-1519,CAB-GC-85088-1,
800-1520,CAB-IA-RV-VEL-MM6,
800-1521,CAB-KVM-10FT-3IN1-MF,
800-1522,CAB-LD-24PIN-EXT-12,
800-1523,CAB-LD-3PIN-3PIN-1F,
800-1524,CAB-LD-COMP-6FT,
800-1525,CAB-LD-MOLEX-4PIN-Y,
800-1526,CAB-LD-USB-10FT-EXT,
800-1527,CAB-LD-USB-6FT-EXT,
800-1528,CAB-SERIAL-6FT,
800-1529,CAB-SW-LD-HDMI-SW3P,
800-1530,CAB-USB-10FT-AA,
800-1531,CAB-USB3-15FT-AA,
800-1532,CAB-VGA-15F,
800-1533,CAB-VGA-EXTN-6F,
800-1534,CASRM-NRC-1U-SA-1841,
800-1535,CASRM-NRC-1U-SA-5596,
800-1536,CASRM-NRC-2U-RPC-270,
800-1537,CASRM-NRC-2U-SA-1902,
800-1538,CASRM-NRC-3U-RPC-370,
800-1539,CASRM-NRC-4U-RPC-430,
800-1540,CASRM-NRC-4U-RPC-470,
800-1541,CASRM-NRC-CAB-W609,
800-1542,CC-TAB-GC-83243-4,
800-1543,CEA-QI-82357-COMBO,
800-1544,CEA-QI-82358-COMBO,
800-1545,CEA-QI-82359-COMBO,
800-1546,CEA-QI-82360-COMBO,
800-1547,CEA-QI-83327-COMBO,
800-1548,CEA-QI-83329-COMBO,
800-1549,CEA-WMCC-81814,
800-1550,CNT-RAID-NOR-4629,
800-1551,CNT-USB3-BY-BTPEU310,
800-1552,CPU-1150-4570R,
800-1553,CPU-1150-4690KR,
800-1554,CPU-1150-4770R,
800-1555,CPU-1155-3240-OB,
800-1556,CPU-AM3-FX-6350BR,
800-1557,CPU-FM2-A8-6600KR,
800-1558,EN-LHDR-ORI-84654-1,
800-1559,FAN-CAS-ANT-80MM,
800-1560,FAN-CAS-ANT-PRO80DBB,
800-1561,FAN-CAS-ANT-TC120DBB,
800-1562,FB-ED-HAR-BLD-3.4-6PACK,
800-1563,FB-ED-HAR-HLTH-1.69-6PACK,
800-1564,FB-ED-HAR-MANA-1.69-6PACK,
800-1565,FB-ED-HAR-MANAHLTH-6PACK,
800-1566,FB-ED-HAR-ZOMBLD-3.4-6PACK,
800-1567,HD-120-F,
800-1568,HD-80-F,
800-1569,HE-DC-GC-82023,
800-1570,HE-DMP-GC-83659,
800-1571,HE-DMP-MIN-82700-OB,
800-1572,HE-HPM-CA-AC-200B,
800-1573,HE-HPM-CA-PRO-AC201,
800-1574,HE-HPM-MON-128550,
800-1575,HE-PJ-GC-83981,
800-1576,HE-SW-85047-1,
800-1577,HE-SW-85047-10,
800-1578,HE-SW-85047-2,
800-1579,HE-SW-85047-3,
800-1580,HE-SW-85047-4,
800-1581,HE-SW-85047-5,
800-1582,HE-SW-85047-6,
800-1583,HE-SW-85047-7,
800-1584,HE-SW-85047-8,
800-1585,HE-SW-85047-9,
800-1586,HG-GC-83823,
800-1587,HR-1TB-WD-10EZEX,
800-1588,HS-120-MU-MKNSSDCRD7,
800-1589,HS-240-IN-W240H6R5,
800-1590,HS-240-KS-SV300S37A,
800-1591,HS-480-IN-W480H601,
800-1592,KB-USB-AU-83244,
800-1593,KB-USB-AZ-KB505U-OB,
800-1594,KB-USB-AZ-KB506,
800-1595,KBRM-NOR-KBUSB-230U,
800-1596,MB-1150-GA-H97-D3H,
800-1597,MB-AM3-AS-SB-990FXR2,
800-1598,MED-DVD-PH-50PK-PR16,
800-1599,MED-TB-240-MU-NUFDVU,
800-1600,MED-TB-32G-KS-DTDUO3,
800-1601,MIS-AD-BY-SLMDVD-KIT,
800-1602,MIS-AOC-BOX-MK-BK,
800-1603,MIS-ARD-83869,
800-1604,MIS-ARD-84457,
800-1605,MIS-BRACKET,
800-1606,MIS-IPDT-SCREN-2GEN,
800-1607,MIS-IPH-BCK-A1349-BK,
800-1608,MIS-IPH-REP-KIT-3G,
800-1609,MIS-IPH-SCREN-3GS,
800-1610,MIS-NOR-RL20,
800-1611,MIS-NOR-RL26,
800-1612,MIS-NOR-SA-2004,
800-1613,MIS-NOR-SA-2100,
800-1614,MIS-NOR-SA-3101-2,
800-1615,MIS-NOR-SS-400,
800-1616,MTL-DE-E1914H-F,
800-1617,MTL-DE-P2314H-F,
800-1618,MTL-LG-27MP34HQ-B-F,
800-1619,NET-POE-TP-POE10R-OB,
800-1620,NET-SWGRM-TP-SG1048,
800-1621,NET-SWRM-NG-JFS524E,
800-1622,NRN-ADSL-AT-GT784-OE,
800-1623,NT-ANT-TL-ANT2408C,
800-1624,NT-ANT-TL-ANT2409B,
800-1625,NT-REXN-TL-WA730R-OB,
800-1626,NU-WN-TP-WDN3200,
800-1627,NU-WN-TP-WN821N,
800-1628,PL-LEN-20CD00BXUS-OB,
800-1629,PS-CM-750W-24PIN,
800-1630,PS-VTK-450W-24PIN-V2,
800-1631,PS-VTK-600W-24PIN-V2,
800-1632,PS-VTK-700W-24PIN-V2,
800-1633,PS-VTK-850W-24PIN,
800-1634,PT-CAN-MG5520-KIT,
800-1635,PT-HP-B4A22A,
800-1636,PT-HP-CE527A-OB,
800-1637,PT-HP-CE528A,
800-1638,PT-HP-E6B67A,
800-1639,PT-SAM-C410W,
800-1640,RAMD-D2-CR-6400-2G,
800-1641,RAMD-D2-MU-4200-1G,
800-1642,RAMD-D2-MU-5300-1G,
800-1643,RAMD-D3-CR-12800-4G,
800-1644,RAMD-D3-MU-1280-16GK,
800-1645,RAMD-D3-MU-8500-2G,
800-1646,RAMD-D3-MU-B1280-8K,
800-1647,RAMD-D3-MU-B1490-16K,
800-1648,RAMD-D3-MU-R1700-16K,
800-1649,RAML-D2-MU-5300-2G,
800-1650,RAML-D3-MU-12800-4G,
800-1651,RAML-D3-MU-8500-2G,
800-1652,SC-AS-XONAR-DGX,
800-1653,SE-CA-83863,
800-1654,SP-LOG-S120-B,
800-1655,SP-SS-DNC-H20SPKR-WH,
800-1656,SUP-PHP-CA-HR-8X11,
800-1657,SUP-PHP-EP-ADH-83X11,
800-1658,SUP-PHP-EP-PRE-8X11,
800-1659,SUP-PHP-EP-PRM-4X6,
800-1660,SUP-PHP-EP-PRM-8X11,
800-1661,TAB-HS-SNAT71BUE-OB,
800-1662,TG-WIPE-FS-24-DCW,
800-1663,UPS-PCM-BNT-15-230OB,
800-1664,UPS-PCM-BNT-1500-230,
800-1665,UPS-PCM-KIN-1000APRM,
800-1666,UPS-PCM-KIN-3000AP,
800-1667,UPS-PCM-SMK-2000A,
800-1668,UPS-PCM-SMK-2000A-RM,
800-1669,UPS-PCM-SMK-3000XLRM,
800-1670,UPS-PCM-ULT-2000LCD,
800-1671,USB-HUB-84868,
800-1672,USB-HUB-BY-UH340,
800-1673,USB-HUB-GEN-83516,
800-1674,USB-LED-GC-83649-2,
800-1675,XG-SYS-3B-IN-4770,
800-1676,PD-DE-XPS870-6875K-F,
800-1677,PL-DE-I5735-1935SL-F,
800-1678,CAB-SPLTR-F-1G-4WAY,
800-1679,CAB-BY-AD-HD-FF-SWVL,
800-1680,CAB-CG-FO-LCLC-DU-1M,
800-1681,CAB-CG-VGA-1M2F-ECO8,
800-1682,CAB-IA-BNC59-END-50,
800-1683,SUP-IJ-EP-T078-BLK,
800-1684,KB-USB-RZ-ANANSI,
800-1685,CAB-1394A-4P6P-15,
800-1686,VA-SA-HD6450-1GB,
800-1687,10X-2ft-RJ45-PATCH,
800-1688,100X-2ft-RJ45-PATCH,
800-1689,TAB-SS-TAB-SM-T110,
800-1690,CAB-CAT6-15FT,
800-1691,MIS-POS-STW-AL-RSTPR,
800-1692,MS-OUSB-GEN-BS,
800-1693,SE-CCTV-DC-CNVRT,
800-1694,CAB-CAT5-10FT-CROSS,
800-1695,CAB-CG-HDMI-V1.4-3M,
800-1696,PD-AC-DQ-SUKAA-002-F,
800-1697,PD-HP-60PR-63-2-160,
800-1698,CAB-CAT5-25FT,
800-1699,AC-UNI-TAR-APA69US,
800-1700,PL-HP-G4X94UA-MFR,
800-1701,PL-DE-I3135-3751SL-F,
800-1702,PL-DE-I3541-5001K-F,
800-1703,PL-DE-I3541-5001K-F,
800-1704,CEL-GC-81638-2-WH,
800-1705,CAB-CAT5-100FT,
800-1706,SUP-LT-HP-CE505A-BLK,
800-1707,NU-WN-GC-81812,
800-1708,TRI-X-R9-290,
800-1709,SUP-LT-ST-2010,
800-1710,FAN-SK-MULT-NO-U12P,
800-1711,MED-TB-4G-SAT-SKULL,
800-1712,CEA-RM-BB98-WS-PHB13,
800-1713,HRL-500-SG-95323CS-F,
800-1714,CAB-CAT5-15M-50FT,
800-1715,CAB-CG-SV-VAL-6F,
800-1716,CAB-IA-HD-HDM-VEL-1M,
800-1717,PL-HP-E0L06UA-F,
800-1718,QI-S5-COMBO,
800-1719,PL-HP-E8C06UA-F,
800-1720,SE-DVR-VO-DK3254B-4C,
800-1721,NICD-INT-P1KGT-GB-LP,
800-1722,CAB-GC-83675,
800-1723,A-COM-H61MP31-G2130,
800-1724,CAB-VGA-25F,
800-1725,CAB-KS-KJ-C5-PD-IV,
800-1726,MS-OUW-MS-E6W-001,
800-1727,-LBR-BIOS-FLASH,
800-1728,PRINT-CN-MG5520,
800-1729,BAT-ALK-EG-AA-4P,
800-1730,TB-64GB-ADATA-COMBO,
800-1731,TB-64GB-ADATA-COMBO,
800-1732,PL-HP-E8B97UA-F,
800-1733,PL-HP-EB84-4-160,
800-1734,PL-HP-F5W51UA-F,
800-1735,MS-OUSB-RZ-ABYS-MIRR,
800-1736,PL-TSH-C55-A5137,
800-1737,PL-TSH-C55-B5200-F,
800-1738,PL-TSH-C55T-B5380,
800-1739,SE-DC-1F-8M-SPLITER,
800-1740,HE-PJ-83981,
800-1741,HE-PJ-GC-83988,
800-1742,CAB-1394A-4P4P-15,
800-1743,PL-HP-EB84-4-250,
800-1744,IO-KVM-GCS78,
800-1745,QI-G3-COMBO,
800-1746,CAB-1394A-4P4P-10,
800-1748,PL-LEN-T42-252-4-128,
800-1749,PL-LEN-T52-252-8-500,
800-1750,PL-DE-E6420-25-8-320,
801-0167_Bk,AM-VJ-CACT-MIN1S-BK,VOJO CACTUS MINI 1S BLACK
801-0167_Wht,AM-VJ-CACT-MIN1S-WH,VOJO CACTUS MINI 1S WHITE
801-0168_Bk,AM-VT-SC-C-BL,VIOTEK COOLING CUSHION BK
801-0168_Gy,AM-VT-SC-C-GY,VIOTEK COOLING CUSHION GY
801-0168_Tan,AM-VT-SC-C-TAN,VIOTEK COOLING CUSHION TAN
801-0169_Bk,AM-VT-SC-CH-BL,VIOTEK HEAT & COOL CUSHION BK
801-0169_Br,AM-VT-SC-CH-BR,VIOTEK HEAT & COOL CUSHION BRN
801-0169_Gy,AM-VT-SC-CH-GY,VIOTEK HEAT & COOL CUSHION GY
801-0169_Tan,AM-VT-SC-CH-TAN,VIOTEK HEAT & COOL CUSHION TAN
801-0170_Gld,CAB-PU-84909-1,POWER UP 1 M LIGHTNING GOLD
801-0170_Gy,CAB-PU-84909-2,POWER UP 1 M LIGHTNING GREY
801-0170_Slv,CAB-PU-84909-3,POWER UP 1 M LIGHTNING SILVER
801-0171_Bk,CAB-PU-84914-1,POWER UP 3 M LIGHTNING BLACK
801-0171_Bl,CAB-PU-84914-3,POWER UP 3 M LIGHTNING BLUE
801-0171_Gr,CAB-PU-84914-2,POWER UP 3 M LIGHTNING GREEN
801-0171_Pk,CAB-PU-84914-4,POWER UP 3 M LIGHTNING PINK
801-0171_Wht,CAB-PU-84914-5,POWER UP 3 M LIGHTNING WHITE
801-0172_Bl,CAB-VJ-IMAG3-U,VOJO IMAGNET LIGHTNING BLUE
801-0172_Gy,CAB-VJ-IMAG3-GY,VOJO IMAGNET LIGHTNING GREY
801-0173_Gr,CAB-VJ-MAG3-LG,VOJO MAGNET MICRO USB LIME GN
801-0173_Org,CAB-VJ-MAG3-OR,VOJO MAGNET MICRO USB ORANGE
801-0173_Pk,CAB-VJ-MAG3-PK,VOJO MAGNET MICRO USB PINK
801-0174_Bk_ip6px,CEA-GC-82355-BK,EXTERNAL BAT CASE FOR IPHONE6+
801-0174_Bk_ip6x,CEA-GC-82356-BK,EXTERNAL BAT CASE FOR IPHONE6
801-0174_Wht_ip6px,CEA-GC-82354-WT,EXTERNAL BAT CASE FOR IPHONE6+
801-0175_ip6,CEA-GC-82420-1,GENERIC TPU CASE FOR IPHONE 6
801-0175_ip6p,CEA-GC-82420-2,GENERIC TPU CASE FOR IPHONE 6+
801-0176_Bk,CEA-GC-82515-2,BLUETOOTH SELFIE STICK BLACK
801-0176_Bl,CEA-GC-82515-4,BLUETOOTH SELFIE STICK BLUE
801-0177_Bl_ip6,CEA-GC-82536-4,GENERIC TPU CASE FOR IPHONE 6
801-0177_Bl_ip6p,CEA-GC-82538-2,GENERIC TPU CASE FOR IPHONE 6+
801-0177_Gr_ip6,CEA-GC-82536-2,GENERIC TPU CASE FOR IPHONE 6
801-0177_Gr_ip6p,CEA-GC-82538-7,GENERIC TPU CASE FOR IPHONE 6+
801-0177_Gy_ip6,CEA-GC-82536-7,GENERIC TPU CASE FOR IPHONE 6
801-0177_Gy_ip6p,CEA-GC-82538-6,GENERIC TPU CASE FOR IPHONE 6+
801-0177_Pk_ip6,CEA-GC-82536-5,GENERIC TPU CASE FOR IPHONE 6
801-0177_Pk_ip6p,CEA-GC-82538-4,GENERIC TPU CASE FOR IPHONE 6+
801-0177_Wht_ip6,CEA-GC-82536-6,GENERIC TPU CASE FOR IPHONE 6
801-0177_Wht_ip6p,CEA-GC-82538-5,GENERIC TPU CASE FOR IPHONE 6+
801-0177_Ylw_ip6,CEA-GC-82536-1,GENERIC TPU CASE FOR IPHONE 6
801-0177_Ylw_ip6p,CEA-GC-82538-1,GENERIC TPU CASE FOR IPHONE 6+
801-0179_Bk,CEA-GC-83843-1,PHONE HOLDER BLK
801-0179_Gy,CEA-GC-83843-2,PHONE HOLDER GREY
801-0179_LtBl,CEA-GC-83843-6,PHONE HOLDER LIGHT BLUE
801-0179_Org,CEA-GC-83843-4,PHONE HOLDER ORANGE
801-0179_Pr,CEA-GC-83843-3,PHONE HOLDER PURPLE
801-0179_Ylw,CEA-GC-83843-5,PHONE HOLDER YELLOW
801-0180_edge,CEA-QI-83329,QI CHARGER FOR NOTE EDGE
801-0181_Bk_ip6,CEA-VTK-82368-BK,VIOTEK IP-68 CASE FOR IPHONE6
801-0181_Bk_ip6p,CEA-VTK-82364-BK,VIOTEK IP-68 CASE FOR IPHONE6+
801-0181_Wht_ip6,CEA-VTK-82366-WT,VIOTEK IP-68 CASE FOR IPHONE6
801-0181_Wht_ip6p,CEA-VTK-82363-WT,VIOTEK IP-68 CASE FOR IPHONE6+
801-0182_Bk_ip6,CEA-VTK-82380-BK,VIOTEK IP-68 CASE FOR IPHONE6
801-0182_Bk_ip6p,CEA-VTK-82375-BK,VIOTEK IP-68 CASE FOR IPHONE6+
801-0182_Wht_ip6,CEA-VTK-82378-WT,VIOTEK IP-68 CASE FOR IPHONE6
801-0182_Wht_ip6p,CEA-VTK-82371-WT,VIOTEK IP-68 CASE FOR IPHONE6+
801-0183_ip5or5s,CEA-VTK-83380-4,VIOTEK EYEGUARD FOR IPHONE 5
801-0183_ip6,CEA-VTK-83380-21,VIOTEK EYEGUARD FOR IPHONE 6
801-0183_ip6p,CEA-VTK-83380-22,VIOTEK EYEGUARD FOR IPHONE 6+
801-0183_sams6,CEA-VTK-83380-7,VIOTEK EYEGUARD FOR GALAXY S6
801-0183_sg5,CEA-VTK-83380-6,VIOTEK EYEGUARD
801-0183_sgn4,CEA-VTK-83380-19,VIOTEK EYEGUARD
801-0184_Bk,HE-DC-SJ-85138-1,SJCAM SPORTS CAM BLACK
801-0184_Bl,HE-DC-SJ-85138-7,SJCAM SPORTS CAM BLUE
801-0184_Gld,HE-DC-SJ-85138-6,SJCAM SPORTS CAM GOLD
801-0184_Rd,HE-DC-SJ-85138-5,SJCAM SPORTS CAM RED
801-0184_Slv,HE-DC-SJ-85138-3,SJCAM SPORTS CAM SILVER
801-0184_Wht,HE-DC-SJ-85138-2,SJCAM SPORTS CAM WHITE
801-0184_Ylw,HE-DC-SJ-85138-4,SJCAM SPORTS CAM YELLOW
801-0185_Bk,HE-EB-BD-81848-3-BK,BLUEDIO BLUETOOTH EARBUDS BLK
801-0185_Bl,HE-EB-BD-81848-2-U,BLUEDIO BLUETOOTH EARBUDS BLU
801-0185_Rd,HE-EB-BD-81848-1-RD,BLUEDIO BLUETOOTH EARBUDS RED
801-0185_Wht,HE-EB-BD-81848-4-WH,BLUEDIO BLUETOOTH EARBUDS WHT
801-0186_Bl,HE-EB-GC-81707-9-U,BLUETOOTH EARBUDS BLUE
801-0186_Pk,HE-EB-GC-81707-6-PK,BLUETOOTH EARBUDS PINK
801-0186_Wht,HE-EB-GC-81707-7-WH,BLUETOOTH EARBUDS WHITE
801-0195_Bl_L,MIS-DC-83998-17,BLUE CAMO LARGE PET COLLAR
801-0195_Bl_M,MIS-DC-83998-9,BLUE CAMO MEDIUM PET COLLAR
801-0195_Bl_S,MIS-DC-83998-1,BLUE CAMO SMALL PET COLLAR
801-0195_Bl_XL,MIS-DC-83998-25,BLUE CAMO X-LARGE PET COLLAR
801-0195_Gy_L,MIS-DC-83998-22,GREY CAMO LARGE PET COLLAR
801-0195_Gy_M,MIS-DC-83998-14,GREY CAMO MEDIUM PET COLLAR
801-0195_Gy_S,MIS-DC-83998-6,GREY CAMO SMALL PET COLLAR
801-0195_Gy_XL,MIS-DC-83998-30,GREY CAMO X-LARGE PET COLLAR
801-0195_Pk_L,MIS-DC-83998-23,PINK CAMO LARGE PET COLLAR
801-0195_Pk_M,MIS-DC-83998-15,PINK CAMO MEDIUM PET COLLAR
801-0195_Pk_S,MIS-DC-83998-7,PINK CAMO SMALL PET COLLAR
801-0195_Pk_XL,MIS-DC-83998-31,PINK CAMO X-LARGE PET COLLAR
801-0195_Ylw_L,MIS-DC-83998-21,YELLOW CAMO LARGE PET COLLAR
801-0195_Ylw_M,MIS-DC-83998-13,YELLOW CAMO MEDIUM PET COLLAR
801-0195_Ylw_S,MIS-DC-83998-5,YELLOW CAMO SMALL PET COLLAR
801-0195_Ylw_XL,MIS-DC-83998-29,YELLOW CAMO X-LARGE PET COLLAR
801-0196_ForAppIPA234,TAB-VTK-83380-14,VIOTEK EYEGUARD FOR IPAD 2
801-0196_iMin,TAB-VTK-83380-13,VIOTEK EYEGUARD FOR IPAD MINI
801-0197_Bk,AM-GC-83691-2,2 IN 1 HOME/CAR CHARGER BLACK
801-0197_Wht,AM-GC-83691-6,2 IN 1 HOME/CAR CHARGER WHITE
801-0199,CEA-QI-82361,QI CHARGING TRANSMITTER
801-0200,SN-AV-0743D-01G-F,AVISION MIWAND2 PURPLE
801-0201,SN-AV-0743Q-00G-F,AVISION F1 DOCKING UNIT
801-0202,MTL-AC-G257HL,ACER G257HL WIDE SCREEN LCD
801-0203,MTL-LG-24M35D-B,LG 24M35D-B LED LCD
801-0204,HE-HPM-CL-70GH0150,CREATIVE TACTIC3D SIGMA
801-0205,100X-2ft-RJ45-PATCH,
801-0206,10X-2ft-RJ45-PATCH,10x 2 FOOT CAT5 STRAIGHT PATCH CABLE
801-0207,SP-JBL-CHRG2BLUAM,JBL Charge 2 Blue
801-0208,SP-JBL-CHRG2WHTAM,JBL Charge 2 White
801-0209,SP-JBL-CHRG2BLKAM,JBL Charge 2 Black
801-0210,RAMD-D3-HX-316C10F4,Kingston HyperX FURY 4GB 1600MHz DDR3 CL10 DIMM - Blue (HX31
801-0211,MB-1155-AS-MAX5-EXT,ASUS MAXIMUS V EXTREME
801-0213,HS-480-CR-CT480M5,CRUCIAL 480GB M500 SSD
801-0214,HE-DMP-AS-CUBE-GOOGT,ASUS CUBE GOOGLE TV
801-0216,PT-BR-MFC-J5620DW,
801-0218_Bk_10-628,CEA-GC-83212-4,MAGIC SMART NFC RING FOR ALL ANDROID AND WINDOWS MOBILE PHON
801-0218_Bk_11-66,CEA-GC-83212-5,MAGIC SMART NFC RING FOR ALL ANDROID AND WINDOWS MOBILE PHON
801-0218_Bk_12-70,CEA-GC-83212-6,MAGIC SMART NFC RING FOR ALL ANDROID AND WINDOWS MOBILE PHON
801-0218_Bk_7-54,CEA-GC-83212-1,MAGIC SMART NFC RING FOR ALL ANDROID AND WINDOWS MOBILE PHON
801-0218_Bk_8-571,CEA-GC-83212-2,MAGIC SMART NFC RING FOR ALL ANDROID AND WINDOWS MOBILE PHON
801-0218_Bk_9-60,CEA-GC-83212-3,MAGIC SMART NFC RING FOR ALL ANDROID AND WINDOWS MOBILE PHON
801-0218_Wht_10-628,CEA-GC-83212-10,MAGIC SMART NFC RING FOR ALL ANDROID AND WINDOWS MOBILE PHON
801-0218_Wht_11-66,CEA-GC-83212-11,MAGIC SMART NFC RING FOR ALL ANDROID AND WINDOWS MOBILE PHON
801-0218_Wht_7-54,CEA-GC-83212-7,MAGIC SMART NFC RING FOR ALL ANDROID AND WINDOWS MOBILE PHON
801-0218_Wht_8-571,CEA-GC-83212-8,MAGIC SMART NFC RING FOR ALL ANDROID AND WINDOWS MOBILE PHON
801-0218_Wht_9-60,CEA-GC-83212-9,MAGIC SMART NFC RING FOR ALL ANDROID AND WINDOWS MOBILE PHON
801-0218_Bk_10-628,CEA-GC-83212-4,
801-0218_Bk_11-66,CEA-GC-83212-5,
801-0218_Bk_12-70,CEA-GC-83212-6,
801-0218_Bk_7-54,CEA-GC-83212-1,
801-0218_Bk_8-571,CEA-GC-83212-2,
801-0218_Wht_10-628,CEA-GC-83212-10,
801-0218_Wht_11-66,CEA-GC-83212-11,
801-0218_Wht_7-54,CEA-GC-83212-7,
801-0218_Wht_8-571,CEA-GC-83212-8,
801-0218_Wht_9-60,CEA-GC-83212-9,
801-0219_Bk,CEA-GC-85376-1,IPHONE 6 PLUS BATTERY CASE
801-0219_Wht,CEA-GC-85376-3,IPHONE 6 PLUS BATTERY CASE
801-0221,HS-240-IN-SSDSC2BPR5,
801-0222_Bk,HE-SBW-VTK-85370-2,VIOTEK SMART BALANCE WHEEL
801-0222_Bl,HE-SBW-VTK-85370-4,VIOTEK SMART BALANCE WHEEL
801-0222_Gr,HE-SBW-VTK-85370-3,VIOTEK SMART BALANCE WHEEL
801-0222_Rd,HE-SBW-VTK-85370-1,VIOTEK SMART BALANCE WHEEL
801-0222_Wht,HE-SBW-VTK-85370-5,VIOTEK SMART BALANCE WHEEL
801-0223,SP-LOG-UE-BOOM,LOGITECH UE BOOM
801-0224,TAB-JL-PRO-7C,JLAB PRO 7C TABLET
801-0225,TAB-TR-43-MP-40C,TRIO 4.3 MEDIA PLAYER 4.0C
801-0226,MTL-DE-U2415,DELL U2415
808-1400_1,CAB-PU-84914-1,POWER UP 3 M LIGHTNING BLACK
808-1400_2,CAB-PU-84914-2,POWER UP 3 M LIGHTNING GREEN
808-1400_3,CAB-PU-84914-3,POWER UP 3 M LIGHTNING BLUE
808-1400_4,CAB-PU-84914-4,POWER UP 3 M LIGHTNING PINK
808-1400_5,CAB-PU-84914-5,POWER UP 3 M LIGHTNING WHITE
808-1401_1,HE-DC-SJ-85138-1,SJCAM SPORTS CAM BLACK
808-1401_2,HE-DC-SJ-85138-2,SJCAM SPORTS CAM WHITE
808-1401_3,HE-DC-SJ-85138-3,SJCAM SPORTS CAM SILVER
808-1401_4,HE-DC-SJ-85138-6,SJCAM SPORTS CAM GOLD
808-1401_5,HE-DC-SJ-85138-7,SJCAM SPORTS CAM BLUE
808-1402_1,CEA-GC-82515-4,BLUETOOTH SELFIE STICK BLUE
808-1402_2,CEA-GC-82515-2,BLUETOOTH SELFIE STICK BLACK
808-1403_1,CEA-GC-82538-5,GENERIC TPU CASE FOR IPHONE 6+
808-1403_10,CEA-GC-82536-1,GENERIC TPU CASE FOR IPHONE 6
808-1403_2,CEA-GC-82536-5,GENERIC TPU CASE FOR IPHONE 6
808-1403_3,CEA-GC-82538-7,GENERIC TPU CASE FOR IPHONE 6+
808-1403_4,CEA-GC-82536-7,GENERIC TPU CASE FOR IPHONE 6
808-1403_5,CEA-GC-82538-4,GENERIC TPU CASE FOR IPHONE 6+
808-1403_6,CEA-GC-82536-4,GENERIC TPU CASE FOR IPHONE 6
808-1403_7,CEA-GC-82538-6,GENERIC TPU CASE FOR IPHONE 6+
808-1403_8,CEA-GC-82536-6,GENERIC TPU CASE FOR IPHONE 6
808-1403_9,CEA-GC-82538-1,GENERIC TPU CASE FOR IPHONE 6+
808-1404_1,HE-EB-BD-81848-2-U,BLUEDIO BLUETOOTH EARBUDS BLU
808-1404_2,HE-EB-BD-81848-1-RD,BLUEDIO BLUETOOTH EARBUDS RED
808-1404_3,HE-EB-BD-81848-3-BK,BLUEDIO BLUETOOTH EARBUDS BLK
808-1404_4,HE-EB-BD-81848-4-WH,BLUEDIO BLUETOOTH EARBUDS WHT
808-1405_1,CAB-PU-84909-1,POWER UP 1 M LIGHTNING GOLD
808-1405_2,CAB-PU-84909-2,POWER UP 1 M LIGHTNING GREY
808-1405_3,CAB-PU-84909-3,POWER UP 1 M LIGHTNING SILVER
808-1406_1,CEL-GC-82803-1-BK,HUAWEI HONOR 6 BLACK
808-1406_2,CEL-GC-82803-2-WH,HUAWEI HONOR 6 WHITE
808-1407_1,MIS-DC-83998-9,BLUE CAMO MEDIUM PET COLLAR
808-1407_10,MIS-DC-83998-23,PINK CAMO LARGE PET COLLAR
808-1407_11,MIS-DC-83998-31,PINK CAMO X-LARGE PET COLLAR
808-1407_12,MIS-DC-83998-6,GREY CAMO SMALL PET COLLAR
808-1407_13,MIS-DC-83998-14,GREY CAMO MEDIUM PET COLLAR
808-1407_14,MIS-DC-83998-22,GREY CAMO LARGE PET COLLAR
808-1407_15,MIS-DC-83998-30,GREY CAMO X-LARGE PET COLLAR
808-1407_2,MIS-DC-83998-17,BLUE CAMO LARGE PET COLLAR
808-1407_3,MIS-DC-83998-25,BLUE CAMO X-LARGE PET COLLAR
808-1407_4,MIS-DC-83998-5,YELLOW CAMO SMALL PET COLLAR
808-1407_5,MIS-DC-83998-13,ORANGE CAMO MEDIUM PET COLLAR
808-1407_6,MIS-DC-83998-21,YELLOW CAMO LARGE PET COLLAR
808-1407_7,MIS-DC-83998-29,YELLOW CAMO X-LARGE PET COLLAR
808-1407_8,MIS-DC-83998-7,PINK CAMO SMALL PET COLLAR
808-1407_9,MIS-DC-83998-15,PINK CAMO MEDIUM PET COLLAR
808-1408_1,CEA-GC-83843-4,PHONE HOLDER ORANGE
808-1408_2,CEA-GC-83843-5,PHONE HOLDER YELLOW
808-1408_3,CEA-GC-83843-6,PHONE HOLDER LIGHT BLUE
808-1408_4,CEA-GC-83843-3,PHONE HOLDER PURPLE
808-1408_5,CEA-GC-83843-2,PHONE HOLDER GREY
808-1408_6,CEA-GC-83843-1,PHONE HOLDER BLK
808-1409_1,HE-CHRG-VJ-1MIN-U,VOJO ONEMINI 2800MAH BLUE
808-1409_2,HE-CHRG-VJ-1MIN-PK,VOJO ONEMINI 2800MAH PINK
808-1409_3,HE-CHRG-VJ-1MIN-GN,VOJO ONEMINI 2800MAH GREEN
808-1409_4,HE-CHRG-VJ-1MIN-BK,VOJO ONEMINI 2800MAH BLACK
808-1409_5,HE-CHRG-VJ-1MIN-YEL,VOJO ONEMINI 2800MAH YELLOW
808-1410_1,AM-GC-83691-6,2 IN 1 HOME/CAR CHARGER WHITE
808-1410_2,AM-GC-83691-2,2 IN 1 HOME/CAR CHARGER BLACK
808-1411_1,CEA-GC-82355-BK,EXTERNAL BAT CASE FOR IPHONE6+
808-1411_2,CEA-GC-82354-WT,EXTERNAL BAT CASE FOR IPHONE6+
808-1411_3,CEA-GC-82356-BK,EXTERNAL BAT CASE FOR IPHONE6
808-1412_1,HE-EB-GC-81707-9-U,BLUETOOTH EARBUDS BLUE
808-1412_2,HE-EB-GC-81707-6-PK,BLUETOOTH EARBUDS PINK
808-1412_3,HE-EB-GC-81707-7-WH,BLUETOOTH EARBUDS WHITE
808-1412_4,HE-EB-GC-81707-2-BK,BLUETOOTH EARBUDS BLACK
808-1412_5,HE-EB-GC-81707-1-RD,BLUETOOTH EARBUDS RED
808-1412_4,HE-EB-GC-81707-2-BK,
808-1413_1,HE-SW-83315-1,38MM SCREEN PROTECTOR
808-1413_2,HE-SW-83315-2,42MM SCREEN PROTECTOR
808-1414_1,HG-AA-DRIN007S-BLU,ARTIART SPILL FREE MUG BLUE
808-1414_2,HG-AA-DRIN007S-BLK,ARTIART SPILL FREE MUG BLACK
808-1415_1,HG-AA-DRIN012S-RED,ARTIART SPILL FREE MUG RED
808-1415_2,HG-AA-DRIN012S-BLK,ARTIART SPILL FREE MUG BLACK
808-1416_1,CEA-VTK-82375-BK,VIOTEK IP-68 CASE FOR IPHONE6+
808-1416_2,CEA-VTK-82371-WT,VIOTEK IP-68 CASE FOR IPHONE6+
808-1417_1,CEA-VTK-82380-BK,VIOTEK IP-68 CASE FOR IPHONE6
808-1417_2,CEA-VTK-82378-WT,VIOTEK IP-68 CASE FOR IPHONE6
808-1417_3,CEA-VTK-82366-WT,VIOTEK IP-68 CASE FOR IPHONE6
808-1417_4,CEA-VTK-82368-BK,VIOTEK IP-68 CASE FOR IPHONE6
808-1418_1,HE-EB-VJ-RAB-YEL,VOJO RABBIT EARBUD SLEEVE YEL
808-1418_2,HE-EB-VJ-RAB-OR,VOJO RABBIT EARBUD SLEEVE ORG
808-1418_3,HE-EB-VJ-RAB-GY,VOJO RABBIT EARBUD SLEEVE GRE
808-1418_4,HE-EB-VJ-RAB-GRN,VOJO RABBIT EARBUD SLEEVE GRN
808-1418_5,HE-EB-VJ-RAB-U,VOJO RABBIT EARBUD SLEEVE BLU
808-1418_6,HE-EB-VJ-RAB-RED,VOJO RABBIT EARBUD SLEEVE RED
808-1418_7,HE-EB-VJ-RAB-PUR,VOJO RABBIT EARBUD SLEEVE PUR
808-1418_8,HE-EB-VJ-RAB-PK,VOJO RABBIT EARBUD SLEEVE PNK
808-1419_1,CAB-VJ-IMAG3-U,VOJO IMAGNET LIGHTNING BLUE
808-1419_2,CAB-VJ-IMAG3-GY,VOJO IMAGNET LIGHTNING GREY
808-1420_1,AM-VJ-CACT-MIN1S-BK,VOJO CACTUS MINI 1S BLACK
808-1420_2,AM-VJ-CACT-MIN1S-GRN,VOJO CACTUS MINI 1S GREEN
808-1420_3,AM-VJ-CACT-MIN1S-RD,VOJO CACTUS MINI 1S RED
808-1420_4,AM-VJ-CACT-MIN1S-U,VOJO CACTUS MINI 1S BLUE
808-1420_5,AM-VJ-CACT-MIN1S-WH,VOJO CACTUS MINI 1S WHITE
808-1421_1,CAB-VJ-MAG3-PK,VOJO MAGNET MICRO USB PINK
808-1421_2,CAB-VJ-MAG3-OR,VOJO MAGNET MICRO USB ORANGE
808-1421_3,CAB-VJ-MAG3-LG,VOJO MAGNET MICRO USB LIME GN
808-1422_1,CEA-VTK-82363-WT,VIOTEK IP-68 CASE FOR IPHONE6+
808-1422_2,CEA-VTK-82371-WT,VIOTEK IP-68 CASE FOR IPHONE6+
808-1422_3,CEA-VTK-82364-BK,VIOTEK IP-68 CASE FOR IPHONE6+
808-1422_4,CEA-VTK-82375-BK,VIOTEK IP-68 CASE FOR IPHONE6+
808-1423_1,COMBO-AM-VT-SC-CH-TAN,DIABLOTEK EN4732A USB3.0 CARD
808-1423_2,COMBO-AM-VT-SC-CH-BR,DIABLOTEK EN4732A USB3.0 CARD
808-1423_3,COMBO-AM-VT-SC-CH-BL,DIABLOTEK EN4732A USB3.0 CARD
808-1423_4,COMBO-AM-VT-SC-CH-GY,DIABLOTEK EN4732A USB3.0 CARD
808-1424_1,AM-VT-SC-C-TAN,VIOTEK COOLING CUSHION TAN
808-1424_2,AM-VT-SC-C-BR,VIOTEK COOLING CUSHION BRN
808-1424_3,AM-VT-SC-C-BL,VIOTEK COOLING CUSHION BK
808-1424_4,AM-VT-SC-C-GY,VIOTEK COOLING CUSHION GY
808-1424_2,AM-VT-SC-C-BR,
808-1425_1,MIS-ARD-83800,L298N DUAL H-BRIDGE CONTROLLER
808-1425_2,2COMBOMIS-ARD-83800,DIABLOTEK EN4732A USB3.0 CARD
808-1425_3,5COMBOMIS-ARD-83800,DIABLOTEK EN4732A USB3.0 CARD
808-1425_4,COMBO-AM-VT-SC-C-GY,DIABLOTEK EN4732A USB3.0 CARD
808-1425_1,MIS-ARD-83800,
808-1426_1,HG-GC-83993-1,12 LACE CAKE BORDER WHITE
808-1426_2,HG-GC-83993-2,12 LACE CAKE BORDER PINK
808-1426_3,HG-GC-83993-3,12 LACE CAKE BORDER PURPLE
808-1426_4,HG-GC-83993-4,12 LACE CAKE BORDER RED
808-1427_1,CEA-QI-82361,QI CHARGING TRANSMITTER
808-1428_1,TAB-VTK-83380-13,VIOTEK EYEGUARD FOR IPAD MINI
808-1428_2,TAB-VTK-83380-14,VIOTEK EYEGUARD FOR IPAD 2
808-1428_3,TAB-VTK-83380-15,VIOTEK EYEGUARD FOR IPAD AIR
808-1428_3,TAB-VTK-83380-15,
808-1429_1,CEA-VTK-83380-21,VIOTEK EYEGUARD FOR IPHONE 6
808-1429_2,CEA-VTK-83380-22,VIOTEK EYEGUARD FOR IPHONE 6+
808-1429_3,CEA-VTK-83380-4,VIOTEK EYEGUARD FOR IPHONE 5
808-1430_1,CEA-VTK-83380-6,VIOTEK EYEGUARD FOR GALAXY S5
808-1430_2,CEA-VTK-83380-7,VIOTEK EYEGUARD FOR GALAXY S6
808-1430_3,CEA-VTK-83380-19,VIOTEK EYEGUARD FOR NOTE 4
808-1431_1,CEA-GC-83295-2,PRIVACY FILM FOR GALAXY S3
808-1431_2,CEA-GC-83296-2,PRIVACY FILM FOR GALAXY S4
808-1431_3,CEA-GC-83293-2,PRIVACY FILM FOR GALAXY S5
808-1431_4,CEA-GC-83284-2,PRIVACY FILM FOR NOTE 4
808-1432_1,CAB-GC-85222-2,USB 3.0 TO VGA BLUE
808-1432_2,CAB-GC-85222-1,USB 3.0 TO VGA BLACK
808-1432_3,CAB-GC-85222-3,USB 3.0 TO VGA WHITE
808-1433_1,MIS-ARD-83801,ARDUINO CH340 W/ USB INTERFACE
808-1433_2,2COMBOMIS-ARD-83801,
808-1433_3,5COMBOMIS-ARD-83801,
808-1433_1,MIS-ARD-83801,
808-1434_1,HE-GC-IP-83814,IPEGA BLUETOOTH GAME CONTROLLE
808-1434_2,HE-GC-IP-83811,IPEGA BLUETOOTH GAME CONTROLLE
808-1434_3,HE-GC-IP-83812,IPEGA BLUETOOTH GAME CONTROLLE
808-1435_1,CAB-GC-84845-2,HDMI INPUT TO COMPOSITE OUTPUT
808-1435_2,CAB-GC-84845-1,HDMI INPUT TO COMPOSITE OUTPUT
808-1435_1,CAB-GC-84845-2,
808-1435_2,CAB-GC-84845-1,
808-1436_1,SCAN-PORT-AV-WHITE,RALLY GT PRO CLUTCH
808-1436_2,SCAN-PORT-AV-BLUE,RALLY GT PRO CLUTCH
808-1436_3,SCAN-PORT-AV-PURPLE,RALLY GT PRO CLUTCH
808-1436_4,SCAN-PORT-AV-RED,RALLY GT PRO CLUTCH
808-1437_1,CEA-GC-82420-2,GENERIC TPU CASE FOR IPHONE 6+
808-1437_2,CEA-GC-82420-1,GENERIC TPU CASE FOR IPHONE 6
808-1438_1,HE-HP-BD-81723-2-U,BLUEDIO CORDLSS HEADPHONES BU
808-1438_2,HE-HP-BD-81723-3-BK,BLUEDIO CORDLSS HEADPHONES BK
808-1438_3,HE-HP-BD-81723-1-RD,BLUEDIO CORDLSS HEADPHONES RD
808-1438_4,HE-HP-BD-81723-4-WH,BLUEDIO CORDLSS HEADPHONES WH
808-1439_1,CEA-GC-82420-2,GENERIC TPU CASE FOR IPHONE 6+
808-1439_2,CEA-GC-82420-1,GENERIC TPU CASE FOR IPHONE 6
808-1440,HE-EB-GC-81740-2-WG,BLUETOOTH EARBUDS WHT/GLD
808-1440_1,HE-EB-VTK-81740-7,IFROGZ EARBUDS WITH MIC BLUE
808-1440_2,HE-EB-VTK-81740-10,VIOTEK WIRELESS EARBUDS BLUE
808-1440_3,HE-EB-VTK-81740-6,VIOTEK WIRELESS EARBUDS BLK
808-1440_4,HE-EB-VTK-81740-8,IFROGZ EARBUDS WITH MIC BLUE
808-1441_1,AM-VT-SC-CH-TAN,VIOTEK COOLING CUSHION GY
808-1441_2,AM-VT-SC-CH-BR,VIOTEK COOLING CUSHION GY
808-1441_3,AM-VT-SC-CH-BL,VIOTEK COOLING CUSHION GY
808-1441_4,AM-VT-SC-CH-GY,VIOTEK COOLING CUSHION GY
808-1442_1,CEA-GC-83212-11,MAGIC SMART NFC RING 66MM WHT
808-1442_10,CEA-GC-83212-1,MAGIC SMART NFC RING 54MM BLK
808-1442_11,CEA-GC-83212-10,MAGIC SMART NFC RING 62MM WHT
808-1442_2,CEA-GC-83212-2,MAGIC SMART NFC RING 57MM BLK
808-1442_3,CEA-GC-83212-3,MAGIC SMART NFC RING 60MM BLK
808-1442_4,CEA-GC-83212-4,MAGIC SMART NFC RING 62MM BLK
808-1442_5,CEA-GC-83212-5,MAGIC SMART NFC RING 66MM BLK
808-1442_6,CEA-GC-83212-6,MAGIC SMART NFC RING 70MM BLK
808-1442_7,CEA-GC-83212-7,MAGIC SMART NFC RING 54MM WHT
808-1442_8,CEA-GC-83212-8,MAGIC SMART NFC RING 57MM WHT
808-1442_9,CEA-GC-83212-9,MAGIC SMART NFC RING 60MM WHT
808-1443_1,CEA-GC-82529-4,GENERIC TPU CASE FOR IPHONE 6+
808-1443_10,CEA-GC-82535-2,GENERIC TPU CASE FOR IPHONE 6
808-1443_2,CEA-GC-82529-1,GENERIC TPU CASE FOR IPHONE 6+
808-1443_3,CEA-GC-82529-5,GENERIC TPU CASE FOR IPHONE 6+
808-1443_4,CEA-GC-82529-3,GENERIC TPU CASE FOR IPHONE 6+
808-1443_5,CEA-GC-82529-2,GENERIC TPU CASE FOR IPHONE 6+
808-1443_6,CEA-GC-82535-4,GENERIC TPU CASE FOR IPHONE 6
808-1443_7,CEA-GC-82535-1,GENERIC TPU CASE FOR IPHONE 6
808-1443_8,CEA-GC-82535-5,GENERIC TPU CASE FOR IPHONE 6
808-1443_9,CEA-GC-82535-3,GENERIC TPU CASE FOR IPHONE 6
808-1444_1,AM-VT-SC-CH-TAN,VIOTEK COOLING CUSHION GY
808-1444_2,AM-VT-SC-CH-BR,VIOTEK COOLING CUSHION GY
808-1444_3,AM-VT-SC-CH-BL,VIOTEK COOLING CUSHION GY
808-1444_4,AM-VT-SC-CH-GY,VIOTEK COOLING CUSHION GY
