Name,Legacy 3b SKU,qty
200-0012,AM-CAM-GC-81423,13
200-0013,AM-CHRG-PQ-6PC302R2A,12
200-0020,AM-VT-SC-C-GY-OB,3
200-0024,AM-VT-SC-CH-GY-OB,2
200-0026,AM-VT-SC-CH-TAN-OB,7
200-0168_1,AM-VT-SC-C-TAN,25
200-0169_1,AM-VT-SC-CH-TAN,25
200-0197_1,AM-GC-83691-6,25
200-1410_2,AM-GC-83691-2,25
200-1420_1,AM-VJ-CACT-MIN1S-BK,1
200-1424_2,AM-VT-SC-C-BR,25
200-1424_3,AM-VT-SC-C-BL,25
200-1424_4,AM-VT-SC-C-GY,25
200-1441_2,AM-VT-SC-CH-BR,15
200-1441_3,AM-VT-SC-CH-BL,25
200-1441_4,AM-VT-SC-CH-GY,25
200-1500,AM-BKUP-GC-81581,11
200-1501,AM-CAM-GC-81738,17
200-1504,AM-VT-83585,14
240-0368,CEL-GC-81633-1-BK,25
240-0370,CEL-GC-81636-1-BK,25
240-0372,CEL-GC-81638-1-BK,13
240-0379,CEL-HTC-ADR6400,1
240-0380,CEL-M-A555,1
240-0381,CEL-PALM-P101,1
240-1406_1,CEL-GC-82803-1-BK,1
240-1406_2,CEL-GC-82803-2-WH,4
240-1443_5,CEA-GC-82529-2,25
250-1316,XG-DE-I5348-5555K-A,1
260-0665,KVM-IO-2PC-GCS22U,2
260-0667,KVM-WT-KS302,3
270-0038,CAB-1394A-6P6P-3,25
270-0042,CAB-AD-DPM-HDMIF,3
270-0043,CAB-AD-DPM-VGAF,9
270-0044,CAB-AD-MDPM-DVIF,4
270-0045,CAB-AD-MDPM-HDMIF,2
270-0046,CAB-AD-MDPM-VGAF,2
270-0047,CAB-AD-MUSBF-MICUSBM,10
270-0048,CAB-ADPT-20F-24M,25
270-0049,CAB-ADPT-20M-24F,25
270-0050,CAB-ADPT-24F-20M,25
270-0051,CAB-ADPT-AD-DVI,14
270-0054,CAB-AD-USBBF-MINUSBM,10
270-0055,CAB-AD-USBF-MICUSBM,4
270-0056,CAB-AUD-1F-2M,1
270-0057,CAB-AUD-1M-2F,2
270-0058,CAB-AUD-MF-12FT,1
270-0059,CAB-AUD-MF-25FT,2
270-0061,CAB-AUD-MM-12FT,1
270-0063,CAB-BY-AD-DPVGA-005,6
270-0064,CAB-CAT5-10FT,15
270-0065,CAB-CAT5-14FT,25
270-0066,CAB-CAT5-1FT,25
270-0067,CAB-CAT5-2FT,25
270-0068,CAB-CAT5-5FT,25
270-0069,CAB-CAT5-75FT,6
270-0070,CAB-CAT5-7FT,8
270-0071,CAB-CAT6-100FT,3
270-0073,CAB-CAT6-25FT,3
270-0075,CAB-CAT6-50FT,15
270-0076,CAB-CAT6-5FT,14
270-0077,CAB-CAT6-75FT,3
270-0078,CAB-CAT6-7FT,25
270-0080,CAB-CG-MO-6P6C-E-10,2
270-0081,CAB-DVI-DVI-10F,6
270-0082,CAB-DVI-DVI-15F,8
270-0084,CAB-DVI-HDMI-16F,1
270-0085,CAB-DVI-HDMI-6F,11
270-0086,CAB-EC-EC-DF001,1
270-0088,CAB-FDD-R-18,25
270-0089,CAB-FDD-R-UV-18,25
270-0091,CAB-GC-83269-1,24
270-0092,CAB-GC-83269-2,25
270-0096,CAB-GC-83636,16
270-0098,CAB-GC-83669,25
270-0099,CAB-GC-83671,5
270-0100,CAB-HDMI-DVI,4
270-0102,CAB-HDMI-HMIC1.4-15F,8
270-0103,CAB-HDMI-HMIC1.4-3F,2
270-0104,CAB-HDMI-HMIC1.4-6F,3
270-0105,CAB-HDMI-HMIN1.4-6F,5
270-0106,CAB-HDMI-V1.3-12F,9
270-0107,CAB-HDMI-V1.3-25F,7
270-0108,CAB-HDMI-V1.4-10F,10
270-0109,CAB-HDMI-V1.4-15F,11
270-0110,CAB-HDMI-V1.4-3F,10
270-0112,CAB-HDMI-V1.4-6F,6
270-0113,CAB-IDE-ATA133,25
270-0114,CAB-IO-GVE200,1
270-0115,CAB-KS-KJ-12-TL-W,3
270-0116,CAB-KS-WP-1P-W,5
270-0117,CAB-LD-3PIN-POW-Y,1
270-0118,CAB-LD-ADPT-SAF-4PM,9
270-0119,CAB-LD-ADPT-SAM-4PF,25
270-0122,CAB-LD-COMP-12FT,1
270-0123,CAB-LD-COMP-25FT,2
270-0124,CAB-LD-DVI-DVI-10F,1
270-0125,CAB-LD-DVI-DVI-15F,16
270-0126,CAB-LD-DVI-HDMI-10F,6
270-0127,CAB-LD-DVI-HDMI-6F,5
270-0128,CAB-LD-ESATA-SATA-3U,2
270-0129,CAB-LD-ESATA-SATA-6U,6
270-0130,CAB-LD-ESAT-ESAT-3U,1
270-0131,CAB-LD-MOL-4PIN-Y-LE,17
270-0132,CAB-LD-MOLEX-8PIN,4
270-0133,CAB-LD-MOLEX-PCIX,25
270-0134,CAB-LD-SA2-15-UV-90R,10
270-0135,CAB-LD-SA2-15-UV-90U,10
270-0136,CAB-LD-SA2-15-UV-U,10
270-0137,CAB-LD-SA2-3-UV-90U,10
270-0138,CAB-LD-SA2-3-UV-U,1
270-0139,CAB-LD-SA3-0.5M,1
270-0140,CAB-LD-SA3-1M,1
270-0141,CAB-LD-SA3L-0.5M,5
270-0142,CAB-LD-SATA-18-RA90,25
270-0143,CAB-LD-SATA-POW-16-Y,7
270-0144,CAB-LD-SATA-POW-6-UV,3
270-0145,CAB-LD-SATA-POW-6-Y,3
270-0146,CAB-LD-SATA-POWER,2
270-0147,CAB-LD-SATA-POWER-DU,5
270-0148,CAB-LD-USB-10FT-AB,16
270-0151,CAB-LD-USB-6FT-AB,9
270-0152,CAB-LD-USBL-10-AB-G,4
270-0153,CAB-LD-USBL-10-AB-R,4
270-0154,CAB-LD-USBL-10-AB-U,15
270-0155,CAB-LD-USBL-10-EXT-G,6
270-0156,CAB-LD-USBL-10-EXT-U,10
270-0157,CAB-LD-USBL-6-AB-R,2
270-0158,CAB-LD-USBL-6-AB-U,4
270-0159,CAB-LD-USB-PARALLEL,3
270-0160,CAB-LD-USB-PS2,1
270-0161,CAB-LD-USB-SERIAL,4
270-0162,CAB-MO-6P2C-ST-6,25
270-0163,CAB-MOLEX-4PIN-Y,22
270-0164,CAB-PCI-2USB3,8
270-0166,CAB-POWER-3PIN,25
270-0170_1,CAB-PU-84909-3,25
270-0171_1,CAB-PU-84914-5,22
270-0172,CAB-PRU-PWI-HDMI-VGA,6
270-0172_1,CAB-VJ-IMAG3-GY,14
270-0173_1,CAB-VJ-MAG3-PK,25
270-0174,CAB-PRU-PWI-U3-HDA,2
270-0176,CAB-PRU-PWI-USB-DB25,3
270-0177,CAB-PRU-PWI-USB-EX16,1
270-0179,CAB-PRU-PWI-USB-HDV,4
270-0180,CAB-PRU-PWI-USB-OE,2
270-0181,CAB-PRU-PWI-USB-PARA,2
270-0182,CAB-PRU-PWI-USB-PS2,3
270-0183,CAB-PRU-PWI-USB-R232,2
270-0184,CAB-PRU-PWI-VGA-HDMI,4
270-0185,CAB-PS2-10FT-EXT,4
270-0186,CAB-PS2-6FT-EXT,5
270-0195,CAB-PW-4PIN-4PIN,14
270-0198,CAB-RJ45-END,25
270-0200,CAB-SATA-12,25
270-0201,CAB-SATA-18,25
270-0202,CAB-SATA-POWER,8
270-0203,CAB-SLI-BRIDGE,1
270-0204,CAB-ST-PLATE25F16,8
270-0208,CAB-TP-ANT24EC3S,4
270-0209,CAB-TP-ANT24EC5S,4
270-0210,CAB-TP-ANT24EC6N,2
270-0212,CAB-USB-10FT-A-MINIB,13
270-0213,CAB-USB-10FT-EXT,10
270-0214,CAB-USB-15FT-AB,10
270-0216,CAB-USB-15FT-EXT-RE,5
270-0217,CAB-USB3-10FT-AA,25
270-0218,CAB-USB3-10FT-A-MICB,16
270-0219,CAB-USB3-3FT-AA,3
270-0220,CAB-USB3-3FT-A-MICB,5
270-0221,CAB-USB3-6FT-AA,3
270-0222,CAB-USB3-6FT-AB,3
270-0223,CAB-USB-3FT-AA,4
270-0224,CAB-USB-3FT-AB,15
270-0225,CAB-USB-3FT-A-MICB,25
270-0228,CAB-USB-6FT-AA,4
270-0229,CAB-USB-6FT-A-MICB,5
270-0232,CAB-USB-9IN-A-MINIB,25
270-0234,CAB-USB-IDE-SATA,8
270-0235,CAB-VGA-10F,5
270-0236,CAB-VGA-50F,4
270-0237,CAB-VGA-6F,7
270-0238,CAB-VGA-EXTN-10F,3
270-0383,CNN-BNCM-CRIMP,25
270-1400_1,CAB-PU-84914-1,25
270-1400_2,CAB-PU-84914-2,11
270-1400_3,CAB-PU-84914-3,9
270-1400_4,CAB-PU-84914-4,11
270-1405_1,CAB-PU-84909-1,25
270-1405_2,CAB-PU-84909-2,25
270-1419_1,CAB-VJ-IMAG3-U,25
270-1421_2,CAB-VJ-MAG3-OR,25
270-1421_3,CAB-VJ-MAG3-LG,25
270-1435_1,CAB-GC-84845-2,10
270-1435_2,CAB-GC-84845-1,24
270-1508,CAB-CAT5-1000FT,2
270-1509,CAB-CAT6-1000FT,3
270-1510,CAB-CAT6-14FT,24
270-1516,CAB-GC-84568,13
270-1517,CAB-GC-84777,25
270-1519,CAB-GC-85088-1,7
280-0997,PB-SYS-3B-IN-G2030,1
280-1018,PD-HP-E80-84-4-160,3
280-1021,PD-LEN-0967A9U-OB,1
290-0226,MTL-DE-U2415,25
290-0873,MTL-AC-G237HL,15
290-0874,MTL-AC-G246HY,24
290-0876,MTL-AC-S241HL,8
290-0881,MTL-DE-E1914H-OB,5
290-0882,MTL-DE-E2414H,25
290-0884,MTL-DE-P2414H,25
290-0891,MTL-DE-UP3214QT-F,1
290-0892,MTL-HY-G70TR-F,16
290-0893,MTL-HY-G73TR-F,13
290-0894,MTL-HY-G90TR-F,13
290-0895,MTL-HY-K93W,2
290-0896,MTL-HY-K93W-F,1
290-0897,MTL-HY-L70A-F,5
290-0898,MTL-HY-L70B-F,8
290-0899,MTL-HY-L71S-F,2
290-0901,MTL-HY-LM1510A-F,1
290-0902,MTL-HY-Q17B-F,2
290-0905,MTL-HY-X226W-OB,1
290-0906,MTL-HY-X90W,4
290-0911,MTL-LG-27MP34HQ-B,10
290-0913,MTL-LG-M1710ABM-F,1
290-0914,MTL-LG-M2362DP-EM-OB,5
290-0915,MTL-LG-M2900S-BN-F,1
290-0916,MTL-LG-M3202C-BA-F,4
290-0917,MTL-LG-M3203C-BA-F,4
290-0918,MTL-LG-M3203CC-BA-F,3
290-0919,MTL-LG-M3800S-BN-F,1
290-0920,MTL-LG-N1742LP-BF-F,2
290-0921,MTL-LG-N1910LZ-BF-F,10
290-0922,MTL-LG-W1942TEBF-NSF,2
290-0926,MTL-V7-D19W12-N6,12
290-1616,MTL-DE-E1914H-F,1
300-1024,PL-DE-17HI7161T-F,1
300-1025,PL-DE-I15MT-3904SL-F,1
300-1035,PL-DE-I3542-8333K-F,1
300-1038,PL-DE-I5447-8751SL-F,1
300-1044,PL-DE-I5547-1250SL-F,1
300-1053,PL-DE-I5749-1111SL-F,3
300-1059,PL-DE-XPS11-9231CF-F,3
300-1060,PL-DE-XPS15-4737SL-F,1
300-1062,PL-DE-XPSU12-4672C-F,4
300-1067,PL-HP-E8C34UA-F,2
300-1072,PL-HP-EB84-4-320,13
300-1075,PL-HP-G4X63UA-F,6
300-1078,PL-HP-G9D77UA-F,1
300-1081,PL-LEN-59442503,2
300-1085,PL-TSH-C55D-A5348-OB,2
300-1088,PL-TSH-Z10T-A1111-F,1
300-1628,PL-LEN-20CD00BXUS-OB,4
310-0387,CNTL-USB3-DT-EN4732A,25
310-0845,MOD-PRU-PWI-FAX,3
310-0846,MOD-TRN-USB-TFM-561U,1
310-0928,ND-IO-SI-PEX24038,3
310-0929,ND-TP-TG-3269,8
310-0932,ND-WN-TP-TL-WN751ND,2
310-0933,ND-WN-TP-TL-WN781ND,1
310-0934,ND-WN-TP-TL-WN851N,3
310-0936,NET-ADSL-NET-DL4201,10
310-0938,NET-ADSL-TP-8816-OB,1
310-0940,NET-ADSL-TP-W8960N,1
310-0941,NET-APWN-PQ-6W410R02,25
310-0945,NET-CAM-GC-81629,25
310-0946,NET-CAM-GC-81703,13
310-0948,NET-ENCL-AK-CLOUDHYB,1
310-0949,NET-POE-TP-POE10R,5
310-0950,NET-POE-TP-POE200,2
310-0951,NET-PRS-TP-PS110P,1
310-0953,NET-PRU-PWI-USB-GL1K,4
310-0954,NET-PRU-PWI-USB-LAN,4
310-0956,NET-SWG-TP-SG1005D,1
310-0957,NICL-WN-LIN-WPC600N,25
310-0959,NICM-WN-IN-7260HMWNB,2
310-0960,NL-GF-EE102DLX,25
310-0963,NRN-ADSL-AT-GT784WN,4
310-0964,NRN-LI-E1200-CA,25
310-0965,NRN-LI-E1200-CA-OB,1
310-0966,NRN-LI-EA3500-NP,2
310-0967,NRN-TP-TL-WDR4300,5
310-0969,NRN-TP-TL-WR700N,5
310-0970,NRN-TP-TL-WR702N,5
310-0971,NRN-TP-TL-WR840N,2
310-0975,NT-ANT-EXT-1.1M,25
310-0976,NT-ANT-TL-ANT2408CL,3
310-0979,NT-ANT-TL-ANT2414A,3
310-0980,NT-ANT-TL-ANT2414B,1
310-0981,NT-ANT-TL-ANT2424B,6
310-0984,NT-HUB-LI-EF2H16,2
310-0985,NT-PWL-BEL-F5D4077,2
310-0988,NT-SW-GF-EZ520-S,25
310-0989,NT-SW-GF-EZ820-S,25
310-0991,NU-WN-PRU-USB-WN150,5
310-0992,NU-WN-PRU-USB-WN300,3
310-0993,NU-WN-TP-WDN4200,1
310-0994,NU-WN-TP-WN7200ND,4
310-0996,NU-WN-TP-WN822N,1
310-1619,NET-POE-TP-POE10R-OB,1
310-1622,NRN-ADSL-AT-GT784-OE,6
310-1623,NT-ANT-TL-ANT2408C,3
310-1625,NT-REXN-TL-WA730R-OB,1
320-0386,CNT-FW-SY-PEX30016,4
320-0388,CNT-PARA-ST-PEX1P,8
320-0389,CNT-RAID-SATA-SI3114,2
320-0390,CNT-SATA-SI-PEX40064,14
320-0391,CNT-USB2-ELE-UB-2105,3
320-0393,CNT-USB3-SY-PEX20122,5
320-0439,FAN-CAS-120MM-MOL,12
320-0440,FAN-CAS-80MM-MOL,25
320-0441,FAN-CAS-92MM-3PIN,25
320-0442,FAN-CAS-ANT-92MM,4
320-0443,FAN-CAS-ANT-BB200,2
320-0445,FAN-CAS-ANT-TC92MM,2
320-0446,FAN-CAS-ANT-TQ120,2
320-0447,FAN-CAS-ANT-TQ140,2
320-0448,FAN-CAS-CMR-10AB-GP,1
320-0449,FAN-CAS-CM-WT-120FBL,8
320-0450,FAN-CAS-CM-WT-120FGN,5
320-0452,FAN-CAS-CM-WT-80FBL,4
320-0453,FAN-CAS-CM-WT-80FGN,6
320-0454,FAN-CAS-CM-WT-80FRD,2
320-0455,FAN-CAS-CS-90515BLED,1
320-0456,FAN-CAS-CS-90515PLED,2
320-0461,FAN-CAS-THE-AF0025,25
320-0462,FAN-HDD-2F,24
320-0463,FAN-LED-CAS-BLU-80MM,25
320-0465,FAN-SK-1155,18
320-0466,FAN-SK-754,25
320-0473,FCR-PRU-INT-CR07,19
320-0636,HW-FEET-ST-RFEET,1
320-0637,HW-JMPR-GEN-3PK,25
320-0638,HW-SCRW-LD-TS-BLU-AL,2
320-0639,HW-SCRW-ST-M314-50PK,3
320-0640,HW-SOFF-ST-NUTM-50PK,2
320-1169,SC-AS-SUPFX,25
320-1170,SC-AS-XONAR-DG,14
320-1171,SC-CL-SB-AUD-SE,2
320-1174,SC-PRU-PWI-USB-A71,4
320-1175,SC-ST-PCISOUND5CH2,3
320-1559,FAN-CAS-ANT-80MM,5
320-1560,FAN-CAS-ANT-PRO80DBB,3
320-1561,FAN-CAS-ANT-TC120DBB,2
320-1652,SC-AS-XONAR-DGX,1
330-0245,CASM-FX-MTX-350W-BS,4
330-0247,CAS-MSI-IN-9390-F,1
330-0248,CASRM-T8-2U-T8KD19,25
330-0249,CAS-TH-1A400M1WN,4
330-0251,CAS-TH-VL80001W2Z,1
330-0252,CAS-TH-VL800P1W2N,1
330-0253,CAS-TH-VN400A1W2NB,2
330-0255,CAS-VTK-365,25
330-0256,CAS-VTK-HAPPY-35,25
330-0257,CAS-VTK-HAPPY-36,25
340-0185_1,HE-EB-BD-81848-4-WH,25
340-0186_1,HE-EB-GC-81707-7-WH,19
340-0187_1,HE-EB-VJ-RAB-YEL,8
340-0188_1,HE-EB-VTK-81740-8,25
340-0189_1,HE-GC-IP-83811,2
340-0190_1,HE-SW-83315-2,25
340-0190_38,HE-SW-83315-1,25
340-0191_1,HG-AA-DRIN007S-GRN,2
340-0194_1,HG-GC-83993-4,25
340-0222_1,HE-SBW-VTK-85370-5,25
340-0427,DVDRW-AS-DRW-24B3ST,3
340-0429,DVDRW-LG-GH24NSC0,25
340-0430,DVDRWL-PAN-UJ8D2Q-P,6
340-0431,DVDRWL-PAN-UJ8E2Q-P,1
340-0434,DVDRWL-TSH-TS-T632,25
340-0437,EN-HDR-XM-EN-3400-BK,4
340-0438,EN-LHDR-DT-EN2528B,25
340-0474,FDDE-WT-USB-EX144,5
340-0480,HE-AC-GC-83700-2,25
340-0481,HE-CHRG-D2-4400F-BL,21
340-0482,HE-CHRG-D2-4400F-MG,25
340-0483,HE-CHRG-D2-4400F-MP,25
340-0484,HE-CHRG-D2-4400F-MS,25
340-0485,HE-CHRG-D2-4400F-PK,25
340-0486,HE-CHRG-D2-4400F-PL,24
340-0487,HE-CHRG-D2-4400F-RD,25
340-0488,HE-CHRG-D2-4400F-WH,25
340-0489,HE-CHRG-D2-44F-RD-OB,25
340-0490,HE-CHRG-DT-U8800B-BK,25
340-0491,HE-CHRG-DT-U8800B-WH,25
340-0492,HE-CHRG-IN-08522,1
340-0493,HE-CHRG-PQ-3300MAH,15
340-0501,HE-DC-GC-82025,11
340-0502,HE-DC-GC-82027,1
340-0503,HE-DC-GC-82028,25
340-0504,HE-DC-GC-82029,5
340-0505,HE-DC-GC-82030,25
340-0506,HE-DC-GC-84308,13
340-0507,HE-DC-GC-84578,25
340-0516,HE-DMP-BT-M100,3
340-0517,HE-DMP-BT-M100-OB,1
340-0518,HE-DMP-GC-82496,8
340-0519,HE-DMP-GC-82497,16
340-0530,HE-EB-PL-200203-01-F,9
340-0535,HE-EB-PL-88600-01-F,1
340-0537,HE-EB-PL-89800-01,1
340-0538,HE-EB-PL-89800-01-OB,11
340-0539,HE-EB-QCY-82756-1-BG,25
340-0559,HE-HPM-CA-AC8000,3
340-0560,HE-HPM-CL-70GH0150,25
340-0563,HE-HPM-PL-AUD655USB,2
340-0566,HE-HPM-VTK-R-849MV,25
340-0567,HE-HPM-VTK-VT849U,25
340-0568,HE-HPM-VTK-VT849U-OB,1
340-0569,HE-HP-VTK-VT849,25
340-0570,HE-HP-VTK-VT849-OB,1
340-0572,HE-NL-GC-83472,25
340-0573,HE-PJ-DE-1430X-F,1
340-0577,HE-SW-83548-5,25
340-0580,HE-VGC-XB36-HOP-150,2
340-0584,HG-AA-DRIN007S-O,3
340-0589,HG-DU-DUAP02,25
340-0595,HL-80-SG-ST980210A,2
340-0599,HR-1TB-SG-1000DM003,21
340-0600,HR-1TB-SG-1000DX001,1
340-0601,HR-1TB-WD-1003FZEX,3
340-0602,HR-1TB-WD-10EZRX,4
340-0603,HR-2TB-SG-2000DM001,10
340-0604,HR-2TB-WD-20EZRX,4
340-0605,HR-320-SG-ST332311CS,7
340-0607,HR-3TB-SG-ST300DM001,3
340-0608,HR-3TB-WD-30EZRX,1
340-0610,HR-4TB-SG-ST400DM000,10
340-0611,HR-500-SG-350414CS-P,22
340-0612,HR-500-SG-ST500DM002,23
340-0614,HRL-160-WD-BEKX-F,5
340-0616,HRL-1TB-WD-JPVX,1
340-0619,HRL-750-WD-BPKX,1
340-0622,HS-1TB-SS-MZ-75E1T0B,2
340-0624,HS-240-MU-MKNSSDCRD7,1
340-0625,HS-250-SS-MZ-75E250B,25
340-0627,HS-256-SS-MZ-7KE256B,25
340-0632,HS-500-SS-MZ-75E500B,3
340-0635,HS-512-SS-MZ-7KE512B,3
340-0795,MFP-CM-2P-USB3,7
340-1404_1,HE-EB-BD-81848-2-U,25
340-1404_2,HE-EB-BD-81848-1-RD,25
340-1404_3,HE-EB-BD-81848-3-BK,25
340-1409_2,HE-CHRG-VJ-1MIN-PK,1
340-1409_3,HE-CHRG-VJ-1MIN-GN,16
340-1409_5,HE-CHRG-VJ-1MIN-YEL,18
340-1412_1,HE-EB-GC-81707-9-U,25
340-1412_2,HE-EB-GC-81707-6-PK,25
340-1412_4,HE-EB-GC-81707-2-BK,25
340-1412_5,HE-EB-GC-81707-1-RD,25
340-1418_2,HE-EB-VJ-RAB-OR,3
340-1418_4,HE-EB-VJ-RAB-GRN,6
340-1418_6,HE-EB-VJ-RAB-RED,7
340-1418_7,HE-EB-VJ-RAB-PUR,1
340-1418_8,HE-EB-VJ-RAB-PK,7
340-1426_2,HG-GC-83993-2,18
340-1426_3,HG-GC-83993-3,6
340-1438_2,HE-HP-BD-81723-3-BK,25
340-1438_3,HE-HP-BD-81723-1-RD,17
340-1440_1,HE-EB-VTK-81740-7,25
340-1440_2,HE-EB-VTK-81740-10,25
340-1440_3,HE-EB-VTK-81740-6,25
340-1569,HE-DC-GC-82023,25
340-1570,HE-DMP-GC-83659,25
340-1572,HE-HPM-CA-AC-200B,1
340-1573,HE-HPM-CA-PRO-AC201,3
340-1575,HE-PJ-GC-83981,9
340-1576,HE-SW-85047-1,25
340-1577,HE-SW-85047-10,25
340-1578,HE-SW-85047-2,25
340-1579,HE-SW-85047-3,25
340-1580,HE-SW-85047-4,25
340-1581,HE-SW-85047-5,25
340-1582,HE-SW-85047-6,25
340-1583,HE-SW-85047-7,25
340-1584,HE-SW-85047-8,25
340-1585,HE-SW-85047-9,25
340-1586,HG-GC-83823,4
340-1587,HR-1TB-WD-10EZEX,2
340-1588,HS-120-MU-MKNSSDCRD7,1
340-1590,HS-240-KS-SV300S37A,25
350-0210,RAMD-D3-HX-316C10F4,25
350-1134,RAMD-D2-6400-1G-P,1
350-1136,RAMD-D2-CR-6400-1G,10
350-1137,RAMD-D2-MU-5300-2G,9
350-1138,RAMD-D2-MU-6400-1G,3
350-1139,RAMD-D2-MU-6400-2G,4
350-1142,RAMD-D3-MU-10600-8G,21
350-1143,RAMD-D3-MU-1060-16GK,2
350-1144,RAMD-D3-MU-10666-4G,25
350-1145,RAMD-D3-MU-8500-4G,2
350-1146,RAMD-D3-MU-B1280-4G,12
350-1147,RAMD-D3-MU-B1700-16K,3
350-1149,RAMD-D4-CR-17000-4G,2
350-1150,RAMD-SD-133-512,8
350-1151,RAML-D1-CR-2700-1G,2
350-1152,RAML-D1-MU-2100-1G,2
350-1153,RAML-D1-MU-2700-1G,5
350-1154,RAML-D2-CR-5300-1G,25
350-1156,RAML-D2-CR-6400-2GB,23
350-1157,RAML-D2-HP-VM443AA-F,12
350-1158,RAML-D2-MU-4200-1G,7
350-1159,RAML-D2-MU-4200-2G,2
350-1160,RAML-D2-MU-5300-1G,1
350-1161,RAML-D2-MU-6400-1G,3
350-1162,RAML-D2-MU-6400-2G,4
350-1163,RAML-D3-10600-2G-P,25
350-1165,RAML-D3-MU-10666-4G,4
350-1166,RAML-D3-MU-10666-8G,5
350-1167,RAML-D3-MU-12800-8G,4
350-1168,RAML-D3-MU-8500-4G,4
350-1641,RAMD-D2-MU-4200-1G,1
350-1642,RAMD-D2-MU-5300-1G,8
350-1643,RAMD-D3-CR-12800-4G,6
350-1644,RAMD-D3-MU-1280-16GK,4
350-1645,RAMD-D3-MU-8500-2G,7
350-1647,RAMD-D3-MU-B1490-16K,6
350-1648,RAMD-D3-MU-R1700-16K,1
350-1649,RAML-D2-MU-5300-2G,2
350-1650,RAML-D3-MU-12800-4G,3
350-1651,RAML-D3-MU-8500-2G,5
360-0669,MB-1150-AS-Q87M-ECSM,1
360-0673,MB-1150-GA-H97M-D3H,1
360-0680,MB-1155-AS-P8H67-MP3,1
360-0684,MB-1155-ASR-H61ICAFE,1
360-0686,MB-1155-ASR-H61M-GS,2
360-0687,MB-1155-ASR-H61M-S,1
360-0688,MB-1155-ASR-H67M-GE,2
360-0691,MB-1155-MS-H61M-P20,25
360-0697,MB-478-ASR-P4I945GC,25
360-0698,MB-754-ASR-K8A780LM,12
360-0699,MB-754-ASR-K8NF3-VST,25
360-0700,MB-754-ASR-K8UPNF,1
360-0701,MB-939-ASR-939A785GH,4
360-0702,MB-939-ASR-939A790GH,25
360-0703,MB-A-ASR-K7S41GX,21
360-0704,MB-A-ASR-K7S41GX2,25
360-0708,MB-AM3-AS-M4N68T,6
360-0712,MB-AM3-ASR-760GM-GS3,24
360-0713,MB-AM3-ASR-770EXT3,8
360-0714,MB-AM3-ASR-785G-PR,8
360-0716,MB-AM3-ASR-870ICAFE,25
360-0717,MB-AM3-ASR-880GEXT3,12
360-0719,MB-AM3-ASR-880G-PR3,2
360-0720,MB-AM3-ASR-880GXH-U3,1
360-0721,MB-AM3-ASR-88GMSC128,12
360-0722,MB-AM3-ASR-890GMH-U3,10
360-0724,MB-AM3-ASR-890GXEXT3,8
360-0725,MB-AM3-ASR-890GXEXT4,6
360-0726,MB-AM3-ASR-890GX-PR3,25
360-0727,MB-AM3-ASR-89GXEX4R2,25
360-0729,MB-AM3-ASR-A780GMH12,11
360-0732,MB-AM3-ASR-M378GLE12,3
360-0733,MB-AM3-ASR-M3A760GMH,1
360-0734,MB-AM3-ASR-M3A770DE,8
360-0736,MB-AM3-ASR-M3N78D,25
360-0739,MB-AM3-ASR-N68VS3-UC,25
360-0741,MB-AM3-GA-78LMT-USB3,25
360-0743,MB-AM3-GA-990FXA-UD3,3
360-0745,MB-AM3-MS-GF615M-P31,1
360-0747,MB-COMB-ASR-W13D6R2,25
360-0748,MB-COMB-MS-P67A-GD65,16
360-0749,MB-FM1-AS-F1A55,1
360-0750,MB-FM1-ASR-A55-PRO,2
360-0751,MB-FM1-ASR-A75M,25
360-0753,MB-FM1-ASR-A75-PR4,11
360-0755,MB-FM1-MS-A55M-P33-F,25
360-0757,MB-FM2-AS-A88XM-E,5
360-0761,MB-FM2-GA-F2A88X-D3H,2
360-0762,MB-ITX-AS-AT3IONT-I,1
360-0764,MB-ITX-AS-AT5NM10-I,11
360-0766,MB-ITX-ASR-AD2700ITX,1
360-0768,MB-ITX-ASR-AD425PV3,6
360-0770,MB-ITX-ASR-AD525PV,7
360-0771,MB-ITX-ASR-PV530,5
370-0195_1,MIS-DC-83998-29,25
370-0796,MIS-3BSHIRT-2X-B,14
370-0797,MIS-3BSHIRT-3X-B,6
370-0798,MIS-3BSHIRT-L-B,13
370-0799,MIS-3BSHIRT-M-B,9
370-0800,MIS-3BSHIRT-S-B,10
370-0801,MIS-3BSHIRT-XL-B,19
370-0803,MIS-AD-BY-FDD-KIT,2
370-0805,MIS-AD-PRU-HDB02B,13
370-0807,MIS-AS-CUBE-REM,3
370-0808,MIS-DC-83998-1,25
370-0826,MIS-GEN-LED-83953,25
370-0827,MIS-GEN-SB-82341,25
370-0828,MIS-GEN-SW-82343,18
370-0829,MIS-IPH-BCK-A1332-BK,15
370-0830,MIS-IPH-BCK-A1387-BK,14
370-0831,MIS-IPH-SCREN-4AT-WT,5
370-0832,MIS-LP-AC502,25
370-0833,MIS-T8-T8WM-HC1-B,25
370-0834,MIS-T8-T8WM-HR2-B,25
370-0835,MIS-THE-BTX-UPKIT,25
370-0836,MIS-THE-CLW0202,25
370-0839,MIS-THERM-PACK-2G,25
370-0840,MIS-THERM-TH-1G,25
370-0841,MIS-THERM-VIO-TUBE,25
370-0842,MIS-THE-THINWINGS,12
370-0843,MIS-TI-TTN-ST01,10
370-0844,MIS-USB-HEADER-1PORT,11
370-1407_1,MIS-DC-83998-9,25
370-1407_10,MIS-DC-83998-23,19
370-1407_11,MIS-DC-83998-31,18
370-1407_12,MIS-DC-83998-6,11
370-1407_13,MIS-DC-83998-14,15
370-1407_14,MIS-DC-83998-22,18
370-1407_15,MIS-DC-83998-30,18
370-1407_2,MIS-DC-83998-17,25
370-1407_3,MIS-DC-83998-25,25
370-1407_4,MIS-DC-83998-5,25
370-1407_5,MIS-DC-83998-13,25
370-1407_6,MIS-DC-83998-21,25
370-1407_8,MIS-DC-83998-7,6
370-1407_9,MIS-DC-83998-15,16
370-1425_1,MIS-ARD-83800,25
370-1433_1,MIS-ARD-83801,25
370-1603,MIS-ARD-83869,19
370-1604,MIS-ARD-84457,25
380-0000,AC-DC-UNI-PR-AD150HC,2
380-0001,AC-DEL-83620,25
380-0002,AC-HC-18.5V-4.9A,1
380-0003,AC-HC-18.5V-6.5A,5
380-0004,AC-UNI-PRU-AC120LE,5
380-0005,AC-UNI-PRU-AC75NE,3
380-0006,AC-UNI-PRU-AC90CBV2,10
380-0007,AC-UNI-PRU-AC90LE,20
380-0008,AC-UNI-PRU-AC90SC,1
380-0009,AC-UNI-TAR-APA69USOB,1
380-0028,AVR-OU-SS1200,20
380-0029,AVR-OU-SS2000,3
380-0030,BAT-ALK-EG-D-2P,5
380-0031,BAT-HP-DV4-10.4A,1
380-0033,BAT-LEN-121TO10C,1
380-0034,BAT-NMH-CM-NH-AA2PK,25
380-0035,BAT-NMH-PAN-3MCCA4BA,5
380-1089,PS-CM-450W-24PIN-OB,1
380-1094,PSM-CM-450W-24PIN,25
380-1095,PS-VTK-450W-24PIN-OB,1
380-1097,PS-VTK-550W-24P-V2,25
380-1098,PS-VTK-850W-24PIN-OB,2
380-1269,UPS-PCM-BNT-1000CSU,4
380-1270,UPS-PCM-BNT-1500AP,25
380-1271,UPS-PCM-BNT-800AP,17
380-1629,PS-CM-750W-24PIN,25
380-1630,PS-VTK-450W-24PIN-V2,25
380-1631,PS-VTK-600W-24PIN-V2,25
380-1632,PS-VTK-700W-24PIN-V2,25
380-1633,PS-VTK-850W-24PIN,25
380-1663,UPS-PCM-BNT-15-230OB,3
380-1664,UPS-PCM-BNT-1500-230,3
390-0402,CPU-1150-G3250R,1
390-0403,CPU-1150-G3258R,2
390-0405,CPU-1155-3220R,1
390-0410,CPU-775-PDC-820-P,3
390-0411,CPU-AM3-FX-4300BR,6
390-0412,CPU-AM3-FX-6300BR,4
390-0413,CPU-AM3-FX-8320BR,2
390-0414,CPU-AM3-FX-8350BR,3
390-0415,CPU-AM3-FX-9370BR,2
390-0416,CPU-AM3-FX-9590BR,2
390-0417,CPU-AM3-PH2-565BR,5
390-0419,CPU-FM2-A10-5800KR,2
390-0420,CPU-FM2-A10-6800KR,2
390-0422,CPU-FM2-A4-6300R,3
390-0424,CPU-FM2-A6-5400KR,8
390-1552,CPU-1150-4570R,6
390-1554,CPU-1150-4770R,8
390-1556,CPU-AM3-FX-6350BR,1
400-1277,VA-CM-RAGEXL-8MB-PCI,25
400-1279,VA-DT-VAR128P-32P,25
400-1280,VA-DT-VARX-8P,1
400-1284,VN-AS-GT610-2GD3-CSM,3
400-1285,VN-AS-GT610-SL1GD3-L,1
400-1286,VN-EV-01G-P4-2751-KR,2
400-1287,VN-EV-6200-512-PCI,8
400-1288,VN-SP-GTX275-896MB,1
404-0174_1,CEA-GC-82354-WT,25
404-0175_1,CEA-GC-82420-2,25
404-0176_1,CEA-GC-82515-4,25
404-0177_1,CEA-GC-82538-1,25
404-0179_1,CEA-GC-83843-5,25
404-0181_1,CEA-VTK-82363-WT,25
404-0182_1,CEA-VTK-82371-WT,25
404-0183_1,CEA-VTK-83380-19,25
404-0199,CEA-QI-82361,25
404-0218_1,CEA-GC-83212-9,24
404-0219_1,CEA-GC-85376-3,2
404-0285,CEA-A-IP4-TG-SP,11
404-0286,CEA-A-IP5-TG-SP,25
404-0287,CEA-A-IP6PL-TG-SP,25
404-0288,CEA-A-IP6-TG-SP,25
404-0290,CEA-AL-ALCSHR13260,1
404-0291,CEA-AL-ALCSHR13261,1
404-0292,CEA-AP-VTK-IC30BK,25
404-0311,CEA-GC-82536-2,25
404-0317,CEA-GC-82538-2,25
404-0323,CEA-GC-83264-2,25
404-0324,CEA-GC-83272-2,25
404-0326,CEA-GC-83291-2,25
404-0328,CEA-GC-83294-2,25
404-0331,CEA-GC-83320,3
404-0332,CEA-GC-83320-2,3
404-0340,CEA-GC-HL-1S,1
404-0341,CEA-QI-82357,21
404-0342,CEA-QI-82358,25
404-0343,CEA-QI-82359,25
404-0344,CEA-QI-82360,25
404-0346,CEA-QI-82361-OB,4
404-0349,CEA-TY-APPCLA11493,1
404-0355,CEA-VTK-82369-BK,25
404-0356,CEA-VTK-82370-BK,22
404-1402_2,CEA-GC-82515-2,25
404-1403_1,CEA-GC-82538-5,25
404-1403_10,CEA-GC-82536-1,25
404-1403_2,CEA-GC-82536-5,25
404-1403_3,CEA-GC-82538-7,25
404-1403_4,CEA-GC-82536-7,25
404-1403_5,CEA-GC-82538-4,25
404-1403_6,CEA-GC-82536-4,25
404-1403_7,CEA-GC-82538-6,25
404-1403_8,CEA-GC-82536-6,25
404-1408_1,CEA-GC-83843-4,25
404-1408_3,CEA-GC-83843-6,25
404-1408_4,CEA-GC-83843-3,25
404-1408_5,CEA-GC-83843-2,25
404-1408_6,CEA-GC-83843-1,25
404-1411_1,CEA-GC-82355-BK,25
404-1416_1,CEA-VTK-82375-BK,25
404-1417_1,CEA-VTK-82380-BK,25
404-1417_2,CEA-VTK-82378-WT,25
404-1417_4,CEA-VTK-82368-BK,25
404-1422_3,CEA-VTK-82364-BK,25
404-1429_1,CEA-VTK-83380-21,25
404-1429_2,CEA-VTK-83380-22,25
404-1429_3,CEA-VTK-83380-4,25
404-1430_1,CEA-VTK-83380-6,25
404-1430_2,CEA-VTK-83380-7,25
404-1431_1,CEA-GC-83295-2,25
404-1431_2,CEA-GC-83296-2,25
404-1431_3,CEA-GC-83293-2,25
404-1431_4,CEA-GC-83284-2,25
404-1437_2,CEA-GC-82420-1,25
404-1442_1,CEA-GC-83212-11,13
404-1442_10,CEA-GC-83212-1,12
404-1442_11,CEA-GC-83212-10,15
404-1442_2,CEA-GC-83212-2,21
404-1442_3,CEA-GC-83212-3,11
404-1442_4,CEA-GC-83212-4,12
404-1442_5,CEA-GC-83212-5,13
404-1442_7,CEA-GC-83212-7,18
404-1442_8,CEA-GC-83212-8,25
404-1443_1,CEA-GC-82529-4,25
404-1443_10,CEA-GC-82535-2,25
404-1443_2,CEA-GC-82529-1,25
404-1443_3,CEA-GC-82529-5,25
404-1443_4,CEA-GC-82529-3,25
404-1443_6,CEA-GC-82535-4,25
404-1443_7,CEA-GC-82535-1,25
404-1443_8,CEA-GC-82535-5,25
404-1443_9,CEA-GC-82535-3,25
404-1549,CEA-WMCC-81814,25
410-0208,SP-JBL-CHRG2WHTAM,7
410-0223,SP-LOG-UE-BOOM,25
410-0642,KB-COM-LOG-002565,10
410-0643,KB-COM-MS-5MH-023,2
410-0645,KB-COM-VTK-TWILIGHT,25
410-0655,KB-USB-LOG-G19S,25
410-0656,KB-USB-MS-3TJ-00001,1
410-0659,KB-USB-VTK-TWILIGHT,25
410-0660,KB-USB-VTK-TWILIT-OB,1
410-0662,KB-WLS-AZ-KB506W,8
410-0663,KB-WLS-VTK-HWKPCK,25
410-0664,KB-WLS-VTK-HWKPCK-OB,23
410-0847,MS-OPS2-GEN-SC-B,25
410-0848,MS-OPS2-LOG-SBF96-B,4
410-0851,MS-OUSB-GEN-B,25
410-0854,MS-OUSB-LOG-G502,25
410-0856,MS-OUSB-LOG-G600,25
410-0860,MS-OUSB-VTK-LIGHT-V2,25
410-0862,MS-OUW-MS-ZJA-002,1
410-0865,MS-OUW-VTK-MEIST-BK,25
410-0866,MS-OUW-VTK-MEIST-OB,8
410-0867,MS-OUW-VTK-MEIST-OEM,18
410-1194,SN-AV-0743Q-00G-F,25
410-1195,SP-CA-2012,9
410-1197,SP-CL-A250,2
410-1198,SP-CL-A550,1
410-1199,SP-CL-INSP-A60,1
410-1201,SP-D2-DSP-R1-BK,25
410-1202,SP-D2-DSP-R1-PL,25
410-1203,SP-D2-DSP-R1-RD,25
410-1204,SP-GC-83339-2,17
410-1205,SP-IN-88038,2
410-1206,SP-KIN-BT-150,25
410-1273,USB-HUB-GEN-2.0-10P,3
410-1274,USB-HUB-GEN-2.0-4P,2
410-1275,USB-HUB-GEN-2.0-7P,3
410-1276,USB-LED-GC-83649-3,25
410-1314,WC-LOG-C270-OB,2
410-1592,KB-USB-AU-83244,2
410-1671,USB-HUB-84868,4
410-1673,USB-HUB-GEN-83516,25
410-1674,USB-LED-GC-83649-2,25
420-0216,PT-BR-MFC-J5620DW,25
420-1101,PT-CAN-MF3010-OB,1
420-1102,PT-CAN-MG5520,25
420-1106,PT-HP-A7F65A,2
420-1108,PT-HP-A9J40A-OB,1
420-1110,PT-HP-C5X25A,1
420-1111,PT-HP-C5X25A-OB,1
420-1113,PT-HP-CE461A-OB,2
420-1118,PT-HP-CE991A-F,3
420-1123,PT-HP-CF456A,25
420-1126,PT-HP-CZ045A-OB,1
420-1131,PT-HP-P1102W,25
420-1132,PT-HP-P1102W-OB,1
420-1635,PT-HP-B4A22A,25
420-1637,PT-HP-CE528A,25
420-1638,PT-HP-E6B67A,25
420-1639,PT-SAM-C410W,25
430-1207,STW-MS-OF13-HBUS,25
430-1210,STW-MS-W7-H-PRE64,2
430-1212,STW-MS-W7-PRO64,8
430-1214,STW-MS-W8-PRO64,6
440-0196_1,TAB-VTK-83380-13,25
440-0224,TAB-JL-PRO-7C,25
440-1227,TAB-AR-502153,25
440-1228,TAB-AR-502153-OB,3
440-1230,TAB-D2-912-BK-OB,9
440-1231,TAB-D2-912-WH-OB,2
440-1237,TAB-DE-V8TBL-3334K-F,1
440-1239,TAB-GS-QV830-BK,10
440-1240,TAB-GS-QV830-BK-OB,1
440-1241,TAB-GS-QV830-SL,1
440-1242,TAB-GS-QV830-SL-OB,5
440-1243,TAB-HS-SNAT71BUE,25
440-1244,TAB-LEN-367923U-F,1
440-1245,TAB-LP-LEPAN2-OB,1
440-1247,TAB-LP-TC802A-OB,6
440-1428_2,TAB-VTK-83380-14,25
440-1428_3,TAB-VTK-83380-15,25
440-1661,TAB-HS-SNAT71BUE-OB,1
470-1176,SE-CA-83565,25
470-1177,SE-CAM-GC-00971,5
470-1185,SE-CAM-GC-84321,25
470-1187,SE-CA-RG59-END,25
470-1188,SE-CA-RG6-SIN-GD-1K,1
470-1189,SE-CA-TYPEF-END,3
490-1289,WA-84632-1,25
490-1290,WA-84632-2,25
490-1291,WA-84632-3,25
490-1292,WA-84632-4,25
490-1293,WA-84633-1,25
490-1294,WA-84633-2,25
490-1295,WA-84633-3,25
490-1296,WA-84633-4,25
490-1297,WA-84637,25
490-1298,WA-84639-1,25
490-1299,WA-84639-2,25
490-1300,WA-84639-3,25
490-1301,WA-84639-4,25
490-1302,WA-84640-1,10
490-1303,WA-84640-10,10
490-1304,WA-84640-11,10
490-1305,WA-84640-2,10
490-1306,WA-84640-3,10
490-1307,WA-84640-4,10
490-1308,WA-84640-5,10
490-1309,WA-84640-6,10
490-1310,WA-84640-7,10
490-1311,WA-84640-8,10
490-1312,WA-84640-9,10
510-1252,TG-AS-DESK-ST-M3013,1
510-1254,TG-CA-FS-TRP-DPSXL3M,25
510-1255,TG-CA-FS-WIPE-DPSCT,13
510-1256,TG-GC-81851,25
510-1257,TG-GC-82344,25
510-1259,TG-GC-83471,25
510-1262,TG-GC-84580,8
510-1263,TG-NOV-DC-MISSLE-3PK,25
510-1266,TG-WA-VIN-MV6,25
510-1267,TG-WIPE-FS-80-DSCT,1
550-0475,FN-MSPD-BEL-089-BK,5
550-0477,FN-MSPD-RZ-01070700,4
550-0774,MED-CDR-52X-S,25
550-0775,MED-DVD-R-16X,25
550-0776,MED-MSD-WT-MUSDCK4G,1
550-0777,MED-SD-8G-CE-S1SDHC4,6
550-0780,MED-TB-16G-AD-C008RK,9
550-0782,MED-TB-16G-MU-NUFDAM,4
550-0784,MED-TB-16G-MU-NUFDVS,5
550-0786,MED-TB-32G-AD-AUV128,25
550-0788,MED-TB-32G-MU-NUFDPR,4
550-0789,MED-TB-32G-MU-NUFDVS,3
550-0790,MED-TB-60G-MU-NUFDVU,3
550-0792,MED-TB-8G-MU-NUFDAM,2
550-0793,MED-TB-8G-MU-NUFDPR,9
550-1215,SUP-ESD-5.5X8-200PK,25
550-1216,SUP-IJ-CA-250-5PK,25
550-1217,SUP-IJ-EDB-250-5PK-F,17
550-1218,SUP-IJ-EDB-CANFLUSH,4
550-1219,SUP-IJ-EDB-CANREFFLU,9
550-1220,SUP-IJ-EDB-CANREFKIT,10
550-1221,SUP-IJ-EDB-FROST24,5
550-1222,SUP-IJ-EDB-T200-4PK,12
550-1223,SUP-IJ-EDB-WAFER24,7
550-1225,SUP-IJ-GC-T069-4PK-F,1
550-1226,SUP-LT-ST-E40,1
550-1599,MED-TB-240-MU-NUFDVU,10
550-1600,MED-TB-32G-KS-DTDUO3,3
590-0258,CC-ER-BK-F8N718-C02,11
590-0259,CC-MC-LD-CARRY-CASE,7
590-0260,CC-NB-MS-G34-N1XBS19,25
590-0261,CC-NB-MS-G34-N1XCS19,25
590-0262,CC-NB-TG-TSS59504UST,9
590-0263,CC-NB-TG-TTL400,14
590-0264,CC-TAB-BK-F8N724-C01,2
590-0265,CC-TAB-D2-ACK900A-BK,25
590-0266,CC-TAB-D2-ACK900A-BL,6
590-0267,CC-TAB-D2-ACK900A-PK,9
590-0268,CC-TAB-D2-ACK900A-WH,25
590-0269,CC-TAB-GC-82789-3,1
590-0270,CC-TAB-GC-82791-3,1
590-0271,CC-TAB-GC-82792-3,1
590-0272,CC-TAB-GS-GC826-BK,25
590-0273,CC-TAB-KBCASE-10,9
590-0274,CC-TAB-LP-AC201BK,25
590-0275,CC-TAB-LP-AC201GN,25
590-0276,CC-TAB-LP-AC201PK,25
590-0277,CC-TAB-LP-BK-816-BR,25
590-0278,CC-TAB-LP-BK816BR-OB,4
590-0279,CC-TAB-LP-BK-816-GR,25
590-0280,CC-TAB-LP-BK816GR-OB,4
590-0281,CC-TAB-LP-BK-816-OR,25
590-0282,CC-TAB-LP-BK816OR-OB,4
590-0283,CC-TAB-LP-BK-816-PK,25
590-0284,CC-TAB-LP-BK816PK-OB,4
590-1542,CC-TAB-GC-83243-4,1
800-0010,AM-BT-GC-81811-1,25
801-0214,HE-DMP-AS-CUBE-GOOGT,25
380-0010,AC-UNI-IN-ADP-65ABAD,25
380-0011,AC-UNI-IN-ADP-65NHAE,25
380-0012,AC-UNI-IN-ADP-70ABAK,25
380-0013,AC-UNI-IN-ADP-70BBAK,25
380-0014,AC-UNI-IN-ADP-70BBAP,25
380-0015,AC-UNI-IN-ADP-90ABAA,6
200-0028,AM-BT-GC-81811-1-OB,2
200-0029,AM-CAM-GC-01292,25
200-0030,AM-CAM-GC-82374-1,1
200-0031,AM-GC-82214,1
200-0032,AM-GC-82220,2
200-0033,AM-GC-82242,1
200-0034,AM-GC-82673,13
200-0035,AM-GC-83150,3
200-0036,AM-GC-84481,2
200-0037,AM-VT-SC-CH-BL-OB,5
200-0038,AM-VT-SC-C-TAN-OB,2
270-0245,CAB-AD-VGA-HDMI,4
270-0246,CAB-DVI-DVI-6F,2
270-0247,CAB-GC-82782-1,1
270-0248,CAB-GC-83675,25
270-0249,CAB-GC-84025-1,8
270-0250,CAB-GC-84025-2,7
270-0251,CAB-GC-84025-3,8
270-0252,CAB-GC-84025-4,3
270-0253,CAB-GC-84025-5,7
270-0254,CAB-GC-84025-6,8
270-0255,CAB-GC-85056,10
270-0256,CAB-GC-85511,25
270-0257,CAB-HDMI-HMIN1.4-10F,5
270-0258,CAB-LD-DVI-DVI-6F,4
270-0259,CAB-ST-PLATE9M16LP,20
270-0260,CAB-TP-ANT24PT3,2
270-0261,CAB-VGA-EXTN-15F,1
590-0285,CC-CD-GC-82781-1,1
590-0286,CC-SBW-SWAG-86917-1,25
590-0287,CC-SBW-SWAG-86917-2,25
590-0288,CC-TAB-GC-82791-4,1
590-0289,CC-TAB-GC-82791-6,2
404-1550_1,CEA-GC-82279-3,5
404-1550_2,CEA-GC-82279-4,16
404-1550_3,CEA-GC-82279-5,7
404-1553,CEA-GC-83334-BK-OB,1
404-1554_1,CEA-GC-85048-1,25
404-1554_2,CEA-GC-85048-2,25
404-1556,CEA-GC-85049-1,25
404-1557_1,CEA-GC-85444-1,25
404-1557_2,CEA-GC-85444-2,10
404-1557_3,CEA-GC-85444-3,25
404-1560_1,CEA-RY-85101-1,25
404-1560_2,CEA-RY-85101-2,25
404-1560_3,CEA-RY-85101-3,25
404-1560_4,CEA-RY-85101-4,5
404-1560_5,CEA-RY-85101-5,5
404-1560_6,CEA-RY-85101-6,4
240-0383,CEL-GC-81627-1-BK-OB,2
240-0384,CEL-GC-81633-1-BK-OB,1
240-0385,CEL-GC-81636-2-WH-OB,1
240-0386,CEL-GC-82730-1-BK-OB,1
240-0387,CEL-GC-82803-1-BK-OB,1
240-0388,CEL-GC-82803-2-WH-OB,1
240-0389,CEL-LEN-85206-2-OB,1
240-0390,CEL-LEN-86505-2,4
390-1558,CPU-1155-3250-OB,2
390-1559,CPU-FM2-A4-6300-OB,1
340-1742,EN-HDR-ORI-84655-1,3
340-1743,EN-LHDR-ORI-84654-2,17
320-1711,FAN-LED-CAS-CMR-12-U,8
320-1712,FAN-NTBK-CMR-U2PK-OB,1
550-1712_1,FN-GC-83305-2,25
550-1713_2,FN-GC-83305-4,2
550-1714_3,FN-GC-83305-6,7
550-1715,FN-GC-84350,25
550-1716,FN-GC-84351,25
550-1717,FN-GC-84352,24
550-1718,FN-GC-84353,25
340-1744,HE-CHRG-GC-82294-1,25
340-1745,HE-CHRG-GC-85053-1,16
340-1746,HE-DMP-MIN-82717-OB,2
340-1747,HE-DMP-NG-NTV300,25
340-1748,HE-EB-VTK-81740-8-OB,1
340-1749,HE-GC-IP-83812-OB,1
340-1750,HE-HP-BD-817-4-WH-OB,1
340-1751,HE-HPM-MON-128550-OB,1
340-1752,HE-PJ-GC-83988,1
340-1753,HE-PJ-GC-AT-MINI,1
340-1754,HE-SBW-AC-ADPTR,25
340-1755,HE-SBW-GEN-85370-2SD,1
340-1756,HE-SBW-VTK-85370-1OB,2
340-1757,HE-SBW-VTK-85370-2OB,1
340-1758,HE-SBW-VTK-85370-2SD,2
340-1759,HE-SBW-VTK-85370-3OB,1
340-1760,HE-SBW-VTK-85370-4OB,1
340-1761,HE-SBW-VTK-85370-4SD,2
340-1762,HE-SBW-VTK-85370-6,25
340-1763,HE-SW-83960-1,1
340-1764,HE-TPC-VTK-V01,25
340-1765,HE-VC-ROLI-BL618-BK,25
340-1766,HE-VC-ROLI-BL618-WH,25
270-1742,HG-GC-83374,25
270-1743_1,HG-GC-83504-2,25
270-1743_2,HG-GC-83504-3,25
270-1743_3,HG-GC-83504-6,25
270-1743_4,HG-GC-83504-7,25
270-1743_5,HG-GC-83504-8,25
270-1748_1,HG-GC-83982-10,25
270-1748_2,HG-GC-83982-3,25
270-1748_3,HG-GC-83982-7,25
270-1748_4,HG-GC-83982-8,25
270-1748_5,HG-GC-83982-9,25
270-1753_1,HG-GC-84739-1,25
270-1753_2,HG-GC-84739-2,25
270-1755,HG-GC-T83556,25
270-1756,HG-GC-T83575,25
270-1757,HG-GC-T83579,25
270-1758,HG-GC-T83586,25
340-1767,HR-1TB-WD-1002FAEX-F,1
340-1768,HR-250-WD-WD2500VS-P,4
340-1769,HR-500-SG-500DM002-F,2
340-1770,HS-120-MU-MKNSSDATDX,2
340-1771,HS-128-SS-MZ-7KE128B,24
340-1772,HS-1TB-SS-MZ-7KE1T0B,7
340-1773,HS-240-PN-SSD7CS2111,25
340-1774,HS-512-SS-MZ-7KE5-OB,2
410-1736,KB-USB-RZ-ANANSI,25
410-1737,KB-WLS-AZ-KB506W-OB,1
410-1738,KB-WLS-GC-83156,1
410-1739,KB-WLS-LOG-003677,1
360-1598,MA-83841-1,25
360-1599,MA-83841-2,25
360-1600,MB-1155-AS-P8H77-M,12
360-1601,MB-1155-AS-P8H77-MLE,25
360-1602,MB-1155-AS-P8H77-MPR,25
360-1603,MB-1155-AS-P8H77-V,7
360-1604,MB-1155-AS-P8H77-VLE,24
360-1605,MB-1155-AS-P8P67,2
360-1606,MB-1155-AS-P8P67-R3,3
360-1607,MB-1155-AS-P8Z77-M,25
360-1608,MB-1155-AS-P8Z77-MPR,25
360-1609,MB-1155-AS-P8Z77-V,1
360-1610,MB-1155-AS-P8Z77-VDX,2
360-1611,MB-1155-AS-P8Z77-VLE,7
360-1612,MB-1155-AS-P8Z77-VLP,5
360-1613,MB-1155-AS-P8Z77-VLX,25
360-1614,MB-AM3-GA-78LMTU3-OE,3
360-1615,MB-CD-AS-P5G41TM-LX,2
360-1616,MB-CD-AS-P5G-MX,1
360-1617,MB-FM1-GA-A75M-UD2H,1
360-1618,MB-FM2-AS-A68HMPL-OB,2
550-1719,MED-TB-32G-MU-NUFDAM,5
370-1692_10,MIS-DC-83998-10,25
370-1692_11,MIS-DC-83998-11,25
370-1692_12,MIS-DC-83998-12,25
370-1692_18,MIS-DC-83998-18,25
370-1692_19,MIS-DC-83998-19,25
370-1692_2,MIS-DC-83998-2,25
370-1692_20,MIS-DC-83998-20,25
370-1692_26,MIS-DC-83998-26,25
370-1692_27,MIS-DC-83998-27,25
370-1692_28,MIS-DC-83998-28,25
370-1692_3,MIS-DC-83998-3,25
370-1692_4,MIS-DC-83998-4,25
370-1693,MIS-GC-82348-1,1
370-1694,MIS-GEN-LED-83862,25
290-1619,MTL-AC-K242HQLBBID,25
290-1620,MTL-DE-P2314H,25
290-1621,MTL-DE-S2240M,25
290-1622,MTL-DE-S2715H,25
310-1722,ND-WAC-IN-7260HMWDTX,9
310-1723,NET-CAM-GC-81641-OB,2
310-1724,NET-CAM-GC-85718,10
310-1725,NET-DSL-AT-GT701D-OE,2
310-1726,NET-PRU-PWI-US-LN-OB,1
280-1698,PD-DE-O780-E54-2-160,25
280-1699,PD-HP-63PR-322-4-500,25
300-1751,PL-DE-E6420-25-8-320,3
300-1752,PL-DE-I14RMT-7501S-F,1
300-1753,PL-DE-I15MT-14879S-F,1
300-1754,PL-DE-I17RM-5161BR-F,2
300-1755,PL-DE-I17RM-5161MR-F,5
300-1756,PL-DE-I17RM-51623S-F,5
300-1757,PL-DE-I17RM-5164AP-F,14
300-1758,PL-DE-I17RM-5164IU-F,10
300-1759,PL-DE-I3451-1001K-F,4
300-1760,PL-DE-I3541-4000K-F,1
300-1761,PL-DE-I3542-1666K-F,1
300-1762,PL-DE-I3542-3333K-F,1
300-1763,PL-DE-I3543-5751BK-F,4
300-1764,PL-DE-I3551-2600K-F,1
300-1765,PL-DE-I5547-3750SL-F,1
300-1766,PL-DE-I5547-3753SL-F,1
300-1767,PL-DE-I5548-5833SL-F,13
300-1768,PL-DE-I5749-1322SL-F,1
300-1769,PL-DE-I7348-3286SL-F,5
300-1770,PL-DE-I7348-4286SL-F,11
300-1771,PL-DE-I737T-5560SL-F,2
300-1772,PL-DE-I7746-6875SL-F,6
300-1773,PL-HP-B5Z52UA-F,1
300-1774,PL-HP-C3Q78UA-F,1
300-1775,PL-HP-D1A54UA-F,1
300-1776,PL-HP-D3H54UT-F,1
300-1777,PL-HP-D3K48UT-F,1
300-1778,PL-HP-E8B20UA-F,1
300-1779,PL-HP-E8C05UA-F,1
300-1780,PL-HP-E8C06UA-F,8
300-1781,PL-HP-E8G73UA-F,1
300-1782,PL-HP-E9G80UA-F,1
300-1783,PL-HP-F9J18UA-F,1
300-1784,PL-HP-F9M09UA-F,1
300-1785,PL-HP-J6P01UA-F,4
300-1786,PL-LEN-20DL0032US,1
300-1787,PL-LEN-59423621-F,12
300-1788,PL-LEN-59441916,25
300-1789,PL-LEN-80E501U3US-F,20
300-1790,PL-LEN-T42-252-4-128,25
300-1791,PL-LEN-T52-252-8-500,25
300-1792,PL-TSH-C55DT-B5128,7
300-1793,PL-TSH-S55T-B5134,4
300-1794,PL-TSH-S55T-B5239-F,1
420-1640,PT-CAN-MF227DW-OB,4
420-1641,PT-CAN-MF8280CW,25
420-1642,PT-HP-B3Q11A-OB,2
420-1643,PT-HP-C5X25A-NT,2
420-1644,PT-HP-CF286A-NT,2
420-1645,PT-HP-CF485A-OB,1
420-1646,PT-HP-E4W43A,25
420-1647,PT-HP-F8B04A-OB,1
350-1652,RAMD-D3-BX-10600-4G,1
350-1653,RAMD-D3-HX-316C10-OB,1
470-1740,SE-CAM-GC-84321-OB,1
470-1741,SE-CAM-VO-VCB102G,25
470-1742,SE-CAM-VO-VCB104S,25
470-1743,SE-CAM-VO-VCB229B,25
470-1744,SE-CAM-VO-VCB229S,12
470-1745,SE-CAM-VO-VCB230B,21
470-1746,SE-CAM-VO-VCB230S,24
470-1747,SE-CAM-VO-VCB271W,25
470-1748,SE-CAM-VO-VCB272W,25
470-1749,SE-CAM-VO-VCD520B,25
470-1750,SE-CAM-VO-VCD520W,23
470-1751,SE-CAM-VO-VCD551W,25
410-1740,SP-JBL-CHRG2BLKAM-OB,1
430-1215,STW-MS-W10-PRO64,5
440-1690,TAB-DE-BELL8-1818K-F,1
510-1663,TG-GC-85671,4
380-0016,UPS-OU-CS730B,16
380-0017,UPS-PCM-KIN-2200APOB,1
400-1687,VA-DT-VAR128P-32P-OB,2
400-1688,VN-EV-6200-512-PC-OB,1
400-1689,VN-GA-N610-1GI,3
400-1690,VN-GA-N610SL-2GL,3
400-1691,VN-GA-N750OC-2GI,2
410-1741,WC-LOG-C920-OB,1
250-1676,XG-DE-I5535-245SL-F,1
