Item ID,Qty on Hand
AC-DC-UNI-PR-AD150HC,2.00
AC-DEL-83620,140.00
AC-HC-18.5V-4.9A,1.00
AC-HC-18.5V-6.5A,5.00
AC-UNI-IN-ADP-65ABAD,164.00
AC-UNI-IN-ADP-65NHAE,540.00
AC-UNI-IN-ADP-70ABAK,703.00
AC-UNI-IN-ADP-70BBAK,318.00
AC-UNI-IN-ADP-70BBAP,582.00
AC-UNI-IN-ADP-90ABAA,6.00
AC-UNI-PRU-AC120LE,5.00
AC-UNI-PRU-AC75NE,3.00
AC-UNI-PRU-AC90CBV2,10.00
AC-UNI-PRU-AC90LE,20.00
AC-UNI-PRU-AC90SC,1.00
AC-UNI-TAR-APA69USOB,1.00
AM-BKUP-GC-81581,11.00
AM-BT-GC-81811-1,121.00
AM-BT-GC-81811-1-OB,2.00
AM-CAM-GC-01292,55.00
AM-CAM-GC-81423,14.00
AM-CAM-GC-81738,17.00
AM-CAM-GC-82374-1,1.00
AM-CHRG-PQ-6PC302R2A,12.00
AM-GC-82214,1.00
AM-GC-82220,2.00
AM-GC-82242,1.00
AM-GC-82673,13.00
AM-GC-83150,3.00
AM-GC-83691-2,116.00
AM-GC-83691-6,107.00
AM-GC-84481,2.00
AM-VJ-CACT-MIN1S-BK,1.00
AM-VT-83585,14.00
AM-VT-SC-C-BL,324.00
AM-VT-SC-C-BL-OB,1.00
AM-VT-SC-C-BR,46.00
AM-VT-SC-C-GY,356.00
AM-VT-SC-C-GY-OB,3.00
AM-VT-SC-CH-BL,112.00
AM-VT-SC-CH-BL-OB,5.00
AM-VT-SC-CH-BR,15.00
AM-VT-SC-CH-GY,170.00
AM-VT-SC-CH-GY-OB,2.00
AM-VT-SC-CH-TAN,213.00
AM-VT-SC-CH-TAN-OB,7.00
AM-VT-SC-C-TAN,432.00
AM-VT-SC-C-TAN-OB,2.00
AVR-OU-SS1200,20.00
AVR-OU-SS2000,3.00
BAT-ALK-EG-D-2P,5.00
BAT-HP-DV4-10.4A,1.00
BAT-LEN-121TO10C,1.00
BAT-NMH-CM-NH-AA2PK,777.00
BAT-NMH-PAN-3MCCA4BA,5.00
CAB-1394A-6P6P-3,1,479.00
CAB-AD-DPM-HDMIF,3.00
CAB-AD-DPM-VGAF,9.00
CAB-AD-MDPM-DVIF,4.00
CAB-AD-MDPM-HDMIF,2.00
CAB-AD-MDPM-VGAF,2.00
CAB-AD-MUSBF-MICUSBM,10.00
CAB-ADPT-20F-24M,96.00
CAB-ADPT-20M-24F,89.00
CAB-ADPT-24F-20M,398.00
CAB-ADPT-AD-DVI,14.00
CAB-AD-USBBF-MINUSBM,10.00
CAB-AD-USBF-MICUSBM,4.00
CAB-AD-VGA-HDMI,4.00
CAB-AUD-1F-2M,1.00
CAB-AUD-1M-2F,2.00
CAB-AUD-MF-12FT,1.00
CAB-AUD-MF-25FT,2.00
CAB-AUD-MM-12FT,1.00
CAB-BY-AD-DPVGA-005,6.00
CAB-CAT5-1000FT,2.00
CAB-CAT5-10FT,15.00
CAB-CAT5-14FT,46.00
CAB-CAT5-1FT,1,117.00
CAB-CAT5-2FT,2,920.00
CAB-CAT5-5FT,1,036.00
CAB-CAT5-75FT,6.00
CAB-CAT5-7FT,8.00
CAB-CAT6-1000FT,3.00
CAB-CAT6-100FT,3.00
CAB-CAT6-14FT,24.00
CAB-CAT6-25FT,3.00
CAB-CAT6-50FT,15.00
CAB-CAT6-5FT,14.00
CAB-CAT6-75FT,3.00
CAB-CAT6-7FT,25.00
CAB-CG-MO-6P6C-E-10,2.00
CAB-DVI-DVI-10F,6.00
CAB-DVI-DVI-15F,8.00
CAB-DVI-DVI-6F,2.00
CAB-DVI-HDMI-16F,1.00
CAB-DVI-HDMI-6F,12.00
CAB-EC-EC-DF001,1.00
CAB-FDD-R-18,26.00
CAB-FDD-R-UV-18,230.00
CAB-GC-82782-1,1.00
CAB-GC-83269-1,24.00
CAB-GC-83269-2,92.00
CAB-GC-83636,20.00
CAB-GC-83669,70.00
CAB-GC-83671,5.00
CAB-GC-83675,71.00
CAB-GC-84025-1,8.00
CAB-GC-84025-2,7.00
CAB-GC-84025-3,8.00
CAB-GC-84025-4,3.00
CAB-GC-84025-5,7.00
CAB-GC-84025-6,8.00
CAB-GC-84568,13.00
CAB-GC-84777,36.00
CAB-GC-84845-1,24.00
CAB-GC-84845-2,10.00
CAB-GC-84855,3.00
CAB-GC-85056,10.00
CAB-GC-85088-1,7.00
CAB-GC-85511,102.00
CAB-HDMI-DVI,4.00
CAB-HDMI-HMIC1.4-15F,8.00
CAB-HDMI-HMIC1.4-3F,2.00
CAB-HDMI-HMIC1.4-6F,3.00
CAB-HDMI-HMIN1.4-10F,5.00
CAB-HDMI-HMIN1.4-6F,5.00
CAB-HDMI-V1.3-12F,9.00
CAB-HDMI-V1.3-25F,7.00
CAB-HDMI-V1.4-10F,10.00
CAB-HDMI-V1.4-15F,11.00
CAB-HDMI-V1.4-3F,10.00
CAB-HDMI-V1.4-6F,6.00
CAB-IDE-ATA133,44.00
CAB-IO-GVE200,1.00
CAB-KS-KJ-12-TL-W,3.00
CAB-KS-WP-1P-W,5.00
CAB-LD-3PIN-POW-Y,1.00
CAB-LD-ADPT-SAF-4PM,9.00
CAB-LD-ADPT-SAM-4PF,37.00
CAB-LD-COMP-12FT,1.00
CAB-LD-COMP-25FT,2.00
CAB-LD-DVI-DVI-10F,1.00
CAB-LD-DVI-DVI-15F,16.00
CAB-LD-DVI-DVI-6F,4.00
CAB-LD-DVI-HDMI-10F,6.00
CAB-LD-DVI-HDMI-6F,5.00
CAB-LD-ESATA-SATA-3U,2.00
CAB-LD-ESATA-SATA-6U,6.00
CAB-LD-ESAT-ESAT-3U,1.00
CAB-LD-MOL-4PIN-Y-LE,17.00
CAB-LD-MOLEX-8PIN,4.00
CAB-LD-MOLEX-PCIX,308.00
CAB-LD-SA2-15-UV-90R,10.00
CAB-LD-SA2-15-UV-90U,10.00
CAB-LD-SA2-15-UV-U,10.00
CAB-LD-SA2-3-UV-90U,10.00
CAB-LD-SA2-3-UV-U,1.00
CAB-LD-SA3-0.5M,1.00
CAB-LD-SA3-1M,1.00
CAB-LD-SA3L-0.5M,5.00
CAB-LD-SATA-18-RA90,64.00
CAB-LD-SATA-POW-16-Y,7.00
CAB-LD-SATA-POW-6-UV,3.00
CAB-LD-SATA-POW-6-Y,3.00
CAB-LD-SATA-POWER,2.00
CAB-LD-SATA-POWER-DU,5.00
CAB-LD-USB-10FT-AB,16.00
CAB-LD-USB-6FT-AB,9.00
CAB-LD-USBL-10-AB-G,4.00
CAB-LD-USBL-10-AB-R,4.00
CAB-LD-USBL-10-AB-U,15.00
CAB-LD-USBL-10-EXT-G,6.00
CAB-LD-USBL-10-EXT-U,10.00
CAB-LD-USBL-6-AB-R,2.00
CAB-LD-USBL-6-AB-U,4.00
CAB-LD-USB-PARALLEL,3.00
CAB-LD-USB-PS2,1.00
CAB-LD-USB-SERIAL,4.00
CAB-MO-6P2C-ST-6,309.00
CAB-MOLEX-4PIN-Y,22.00
CAB-PCI-2USB3,8.00
CAB-POWER-3PIN,763.00
CAB-PRU-PWI-HDMI-VGA,7.00
CAB-PRU-PWI-U3-HDA,2.00
CAB-PRU-PWI-USB-OE,2.00
CAB-PRU-PWI-USB-PS2,3.00
CAB-PRU-PWI-USB-R232,2.00
CAB-PRU-PWI-VGA-HDMI,4.00
CAB-PS2-10FT-EXT,4.00
CAB-PS2-6FT-EXT,5.00
CAB-PU-84909-1,40.00
CAB-PU-84909-2,35.00
CAB-PU-84909-3,37.00
CAB-PU-84914-1,33.00
CAB-PU-84914-2,11.00
CAB-PU-84914-3,9.00
CAB-PU-84914-4,11.00
CAB-PU-84914-5,22.00
CAB-PW-4PIN-4PIN,14.00
CAB-RJ45-END,379.00
CAB-SATA-12,88.00
CAB-SATA-18,51.00
CAB-SATA-POWER,8.00
CAB-SLI-BRIDGE,1.00
CAB-ST-PLATE25F16,8.00
CAB-TP-ANT24EC6N,2.00
CAB-TP-ANT24PT3,2.00
CAB-USB-10FT-A-MINIB,13.00
CAB-USB-10FT-EXT,10.00
CAB-USB-15FT-AB,10.00
CAB-USB-15FT-EXT-RE,5.00
CAB-USB3-10FT-AA,26.00
CAB-USB3-10FT-A-MICB,16.00
CAB-USB3-3FT-AA,3.00
CAB-USB3-3FT-A-MICB,5.00
CAB-USB3-6FT-AA,3.00
CAB-USB3-6FT-AB,3.00
CAB-USB-3FT-AA,4.00
CAB-USB-3FT-AB,15.00
CAB-USB-3FT-A-MICB,189.00
CAB-USB-6FT-AA,4.00
CAB-USB-6FT-A-MICB,5.00
CAB-USB-9IN-A-MINIB,299.00
CAB-USB-IDE-SATA,8.00
CAB-VGA-10F,5.00
CAB-VGA-50F,4.00
CAB-VGA-6F,7.00
CAB-VGA-EXTN-10F,3.00
CAB-VGA-EXTN-15F,1.00
CAB-VJ-IMAG3-GY,14.00
CAB-VJ-IMAG3-U,33.00
CAB-VJ-MAG3-LG,29.00
CAB-VJ-MAG3-OR,34.00
CAB-VJ-MAG3-PK,36.00
CASM-FX-MTX-350W-BS,4.00
CAS-MSI-IN-9390-F,2.00
CASRM-T8-2U-T8KD19,26.00
CAS-TH-1A400M1WN,4.00
CAS-TH-VL80001W2Z,1.00
CAS-TH-VN400A1W2N,3.00
CAS-TH-VN400A1W2NB,2.00
CAS-VTK-365,667.00
CAS-VTK-HAPPY-35,239.00
CAS-VTK-HAPPY-36,217.00
CC-CD-GC-82781-1,1.00
CC-ER-BK-F8N718-C02,11.00
CC-MC-LD-CARRY-CASE,7.00
CC-NB-MS-G34-N1XBS19,57.00
CC-NB-MS-G34-N1XCS19,53.00
CC-NB-TG-TSS59504UST,9.00
CC-NB-TG-TTL400,14.00
CC-SBW-SWAG-86917-1,97.00
CC-SBW-SWAG-86917-2,100.00
CC-TAB-BK-F8N724-C01,2.00
CC-TAB-D2-ACK900A-BK,30.00
CC-TAB-D2-ACK900A-BL,6.00
CC-TAB-D2-ACK900A-PK,9.00
CC-TAB-D2-ACK900A-WH,83.00
CC-TAB-GC-82789-3,1.00
CC-TAB-GC-82791-3,1.00
CC-TAB-GC-82791-4,1.00
CC-TAB-GC-82791-6,2.00
CC-TAB-GC-82792-3,1.00
CC-TAB-GC-83243-4,1.00
CC-TAB-GS-GC826-BK,3,562.00
CC-TAB-KBCASE-10,9.00
CC-TAB-LP-AC201BK,169.00
CC-TAB-LP-AC201GN,63.00
CC-TAB-LP-AC201PK,81.00
CC-TAB-LP-BK-816-BR,443.00
CC-TAB-LP-BK816BR-OB,4.00
CC-TAB-LP-BK-816-GR,237.00
CC-TAB-LP-BK816GR-OB,4.00
CC-TAB-LP-BK-816-OR,537.00
CC-TAB-LP-BK816OR-OB,4.00
CC-TAB-LP-BK-816-PK,447.00
CC-TAB-LP-BK816PK-OB,4.00
CEA-A-IP4-TG-SP,11.00
CEA-A-IP5-TG-SP,867.00
CEA-A-IP6PL-TG-SP,261.00
CEA-A-IP6-TG-SP,508.00
CEA-AL-ALCSHR13260,1.00
CEA-AL-ALCSHR13261,1.00
CEA-AP-VTK-IC30BK,765.00
CEA-GC-82279-3,5.00
CEA-GC-82279-4,16.00
CEA-GC-82279-5,7.00
CEA-GC-82354-WT,91.00
CEA-GC-82355-BK,186.00
CEA-GC-82420-1,417.00
CEA-GC-82420-2,450.00
CEA-GC-82515-2,239.00
CEA-GC-82515-4,227.00
CEA-GC-82529-1,93.00
CEA-GC-82529-2,72.00
CEA-GC-82529-3,90.00
CEA-GC-82529-4,92.00
CEA-GC-82529-5,46.00
CEA-GC-82535-1,92.00
CEA-GC-82535-2,82.00
CEA-GC-82535-3,95.00
CEA-GC-82535-4,87.00
CEA-GC-82535-5,50.00
CEA-GC-82536-1,49.00
CEA-GC-82536-2,47.00
CEA-GC-82536-4,45.00
CEA-GC-82536-5,98.00
CEA-GC-82536-6,95.00
CEA-GC-82536-7,97.00
CEA-GC-82538-1,47.00
CEA-GC-82538-2,49.00
CEA-GC-82538-4,50.00
CEA-GC-82538-5,96.00
CEA-GC-82538-6,96.00
CEA-GC-82538-7,98.00
CEA-GC-83212-1,12.00
CEA-GC-83212-10,15.00
CEA-GC-83212-11,13.00
CEA-GC-83212-2,21.00
CEA-GC-83212-3,12.00
CEA-GC-83212-4,12.00
CEA-GC-83212-5,13.00
CEA-GC-83212-7,18.00
CEA-GC-83212-8,25.00
CEA-GC-83212-9,24.00
CEA-GC-83264-2,68.00
CEA-GC-83272-2,55.00
CEA-GC-83284-2,59.00
CEA-GC-83291-2,47.00
CEA-GC-83293-2,64.00
CEA-GC-83294-2,66.00
CEA-GC-83295-2,84.00
CEA-GC-83296-2,63.00
CEA-GC-83320,3.00
CEA-GC-83320-2,3.00
CEA-GC-83334-BK-OB,1.00
CEA-GC-83843-1,32.00
CEA-GC-83843-2,32.00
CEA-GC-83843-3,46.00
CEA-GC-83843-4,26.00
CEA-GC-83843-5,48.00
CEA-GC-83843-6,48.00
CEA-GC-85048-1,48.00
CEA-GC-85048-2,45.00
CEA-GC-85049-1,47.00
CEA-GC-85376-1,2.00
CEA-GC-85376-3,2.00
CEA-GC-85444-1,97.00
CEA-GC-85444-2,10.00
CEA-GC-85444-3,96.00
CEA-GC-HL-1S,1.00
CEA-QI-82357,21.00
CEA-QI-82358,167.00
CEA-QI-82359,488.00
CEA-QI-82360,225.00
CEA-QI-82361,2,266.00
CEA-QI-82361-OB,3.00
CEA-RY-85101-1,49.00
CEA-RY-85101-2,49.00
CEA-RY-85101-3,50.00
CEA-RY-85101-4,5.00
CEA-RY-85101-5,5.00
CEA-RY-85101-6,4.00
CEA-TY-APPCLA11493,1.00
CEA-VTK-82363-WT,45.00
CEA-VTK-82364-BK,43.00
CEA-VTK-82368-BK,42.00
CEA-VTK-82369-BK,45.00
CEA-VTK-82370-BK,22.00
CEA-VTK-82371-WT,75.00
CEA-VTK-82375-BK,63.00
CEA-VTK-82378-WT,80.00
CEA-VTK-82380-BK,56.00
CEA-VTK-83380-19,429.00
CEA-VTK-83380-21,423.00
CEA-VTK-83380-22,425.00
CEA-VTK-83380-4,422.00
CEA-VTK-83380-6,425.00
CEA-VTK-83380-7,429.00
CEA-WMCC-81814,49.00
CEL-GC-81627-1-BK-OB,2.00
CEL-GC-81633-1-BK,45.00
CEL-GC-81633-1-BK-OB,1.00
CEL-GC-81636-1-BK,39.00
CEL-GC-81636-2-WH-OB,1.00
CEL-GC-81638-1-BK,13.00
CEL-GC-82730-1-BK-OB,1.00
CEL-GC-82803-1-BK,1.00
CEL-GC-82803-1-BK-OB,1.00
CEL-GC-82803-2-WH,4.00
CEL-GC-82803-2-WH-OB,1.00
CEL-HTC-ADR6400,1.00
CEL-LEN-85206-2-OB,1.00
CEL-LEN-86505-2,4.00
CEL-M-A555,1.00
CEL-PALM-P101,1.00
CNN-BNCM-CRIMP,60.00
CNT-FW-SY-PEX30016,4.00
CNTL-USB3-DT-EN4732A,209.00
CNT-PARA-ST-PEX1P,8.00
CNT-RAID-SATA-SI3114,2.00
CNT-SATA-SI-PEX40064,14.00
CNT-USB2-ELE-UB-2105,3.00
CNT-USB3-SY-PEX20122,5.00
CPU-1150-4460R,5.00
CPU-1150-4570R,6.00
CPU-1150-4770R,8.00
CPU-1150-G3250R,1.00
CPU-1150-G3258R,2.00
CPU-1155-3220R,1.00
CPU-1155-3250-OB,2.00
CPU-775-PDC-820-P,3.00
CPU-AM3-FX-4300BR,6.00
CPU-AM3-FX-6300BR,4.00
CPU-AM3-FX-6350BR,1.00
CPU-AM3-FX-8320BR,2.00
CPU-AM3-FX-8350BR,3.00
CPU-AM3-FX-9370BR,2.00
CPU-AM3-FX-9590BR,2.00
CPU-AM3-PH2-565BR,5.00
CPU-FM2-A10-5800KR,3.00
CPU-FM2-A10-6800KR,2.00
CPU-FM2-A4-6300-OB,1.00
CPU-FM2-A4-6300R,3.00
CPU-FM2-A6-5400KR,9.00
CPU-FM2-A6-6400KR,2.00
DVDRWL-PAN-UJ8D2Q-P,6.00
DVDRWL-PAN-UJ8E2Q-P,1.00
DVDRWL-TSH-TS-T632,1,247.00
EN-HDR-ORI-84655-1,3.00
EN-HDR-XM-EN-3400-BK,4.00
EN-LHDR-DT-EN2528B,208.00
EN-LHDR-ORI-84654-2,17.00
FAN-CAS-120MM-MOL,12.00
FAN-CAS-80MM-MOL,74.00
FAN-CAS-92MM-3PIN,45.00
FAN-CAS-ANT-80MM,5.00
FAN-CAS-ANT-92MM,4.00
FAN-CAS-ANT-BB200,2.00
FAN-CAS-ANT-PRO80DBB,3.00
FAN-CAS-ANT-TC120DBB,2.00
FAN-CAS-ANT-TC92MM,2.00
FAN-CAS-ANT-TQ120,2.00
FAN-CAS-ANT-TQ140,2.00
FAN-CAS-CMR-10AB-GP,1.00
FAN-CAS-CM-WT-120FBL,8.00
FAN-CAS-CM-WT-120FGN,5.00
FAN-CAS-CM-WT-80FBL,4.00
FAN-CAS-CM-WT-80FGN,6.00
FAN-CAS-CM-WT-80FRD,2.00
FAN-CAS-CS-90515BLED,1.00
FAN-CAS-CS-90515PLED,2.00
FAN-CAS-THE-AF0025,416.00
FAN-HDD-2F,24.00
FAN-LED-CAS-BLU-80MM,75.00
FAN-LED-CAS-CMR-12-U,9.00
FAN-NTBK-CMR-U2PK-OB,1.00
FAN-SK-1155,18.00
FAN-SK-754,93.00
FDDE-WT-USB-EX144,5.00
FN-GC-83305-2,37.00
FN-GC-83305-4,2.00
FN-GC-83305-6,7.00
FN-GC-84350,31.00
FN-GC-84351,29.00
FN-GC-84352,29.00
FN-GC-84353,38.00
FN-MSPD-BEL-089-BK,5.00
FN-MSPD-RZ-01070700,4.00
HE-AC-GC-83700-2,95.00
HE-CHRG-D2-4400F-BL,21.00
HE-CHRG-D2-4400F-MG,78.00
HE-CHRG-D2-4400F-MP,70.00
HE-CHRG-D2-4400F-MS,67.00
HE-CHRG-D2-4400F-PK,43.00
HE-CHRG-D2-4400F-PL,24.00
HE-CHRG-D2-4400F-RD,126.00
HE-CHRG-D2-4400F-WH,33.00
HE-CHRG-D2-44F-RD-OB,29.00
HE-CHRG-DT-U8800B-BK,69.00
HE-CHRG-DT-U8800B-WH,114.00
HE-CHRG-GC-82294-1,57.00
HE-CHRG-GC-85053-1,16.00
HE-CHRG-IN-08522,1.00
HE-CHRG-PQ-3300MAH,15.00
HE-CHRG-VJ-1MIN-GN,16.00
HE-CHRG-VJ-1MIN-PK,1.00
HE-CHRG-VJ-1MIN-YEL,18.00
HE-DC-GC-82023,40.00
HE-DC-GC-82025,11.00
HE-DC-GC-82027,1.00
HE-DC-GC-82028,58.00
HE-DC-GC-82029,5.00
HE-DC-GC-82030,35.00
HE-DC-GC-84308,13.00
HE-DC-GC-84578,41.00
HE-DMP-AS-CUBE-GOOGT,374.00
HE-DMP-BT-M100,3.00
HE-DMP-BT-M100-OB,1.00
HE-DMP-GC-82496,8.00
HE-DMP-GC-82497,16.00
HE-DMP-GC-83659,29.00
HE-DMP-MIN-82717-OB,2.00
HE-DMP-NG-NTV300,955.00
HE-EB-BD-81848-1-RD,28.00
HE-EB-BD-81848-2-U,32.00
HE-EB-BD-81848-3-BK,55.00
HE-EB-BD-81848-4-WH,47.00
HE-EB-GC-81707-1-RD,43.00
HE-EB-GC-81707-2-BK,321.00
HE-EB-GC-81707-6-PK,44.00
HE-EB-GC-81707-7-WH,19.00
HE-EB-GC-81707-9-U,65.00
HE-EB-PL-200203-01-F,9.00
HE-EB-PL-88600-01-F,2.00
HE-EB-PL-89800-01,1.00
HE-EB-PL-89800-01-OB,11.00
HE-EB-QCY-82756-1-BG,354.00
HE-EB-VJ-RAB-GRN,6.00
HE-EB-VJ-RAB-OR,3.00
HE-EB-VJ-RAB-PK,7.00
HE-EB-VJ-RAB-PUR,1.00
HE-EB-VJ-RAB-RED,7.00
HE-EB-VJ-RAB-YEL,8.00
HE-EB-VTK-81740-10,241.00
HE-EB-VTK-81740-6,105.00
HE-EB-VTK-81740-7,164.00
HE-EB-VTK-81740-8,145.00
HE-EB-VTK-81740-8-OB,1.00
HE-GC-IP-83811,2.00
HE-GC-IP-83812-OB,1.00
HE-HP-BD-81723-1-RD,17.00
HE-HP-BD-81723-3-BK,62.00
HE-HP-BD-817-4-WH-OB,1.00
HE-HPM-CA-AC-200B,1.00
HE-HPM-CA-AC8000,3.00
HE-HPM-CL-70GH0150,105.00
HE-HPM-MON-128550,2.00
HE-HPM-MON-128550-OB,1.00
HE-HPM-PL-AUD655USB,2.00
HE-HPM-VTK-R-849MV,809.00
HE-HPM-VTK-VT849U,700.00
HE-HPM-VTK-VT849U-OB,1.00
HE-HP-VTK-VT849,770.00
HE-HP-VTK-VT849-OB,1.00
HE-NL-GC-83472,161.00
HE-PJ-DE-1430X-F,1.00
HE-PJ-GC-83981,9.00
HE-PJ-GC-83988,1.00
HE-PJ-GC-AT-MINI,1.00
HE-SBW-GEN-85370-2SD,1.00
HE-SBW-VTK-85370-1,76.00
HE-SBW-VTK-85370-1OB,2.00
HE-SBW-VTK-85370-2,132.00
HE-SBW-VTK-85370-2OB,1.00
HE-SBW-VTK-85370-2SD,1.00
HE-SBW-VTK-85370-3,140.00
HE-SBW-VTK-85370-3OB,1.00
HE-SBW-VTK-85370-4OB,1.00
HE-SBW-VTK-85370-4SD,1.00
HE-SBW-VTK-85370-5,195.00
HE-SBW-VTK-85370-6,61.00
HE-SW-83315-1,431.00
HE-SW-83315-2,393.00
HE-SW-83548-5,40.00
HE-SW-83960-1,1.00
HE-SW-85047-1,44.00
HE-SW-85047-10,50.00
HE-SW-85047-2,50.00
HE-SW-85047-3,49.00
HE-SW-85047-4,48.00
HE-SW-85047-5,48.00
HE-SW-85047-6,26.00
HE-SW-85047-7,49.00
HE-SW-85047-8,50.00
HE-SW-85047-9,49.00
HE-TPC-VTK-V01,199.00
HE-VC-ROLI-BL618-BK,130.00
HE-VC-ROLI-BL618-WH,67.00
HE-VGC-XB36-HOP-150,2.00
HG-AA-DRIN007S-GRN,2.00
HG-AA-DRIN007S-O,3.00
HG-DU-DUAP02,183.00
HG-GC-83374,198.00
HG-GC-83504-2,100.00
HG-GC-83504-3,101.00
HG-GC-83504-6,99.00
HG-GC-83504-7,100.00
HG-GC-83504-8,99.00
HG-GC-83823,4.00
HG-GC-83982-10,100.00
HG-GC-83982-3,99.00
HG-GC-83982-7,99.00
HG-GC-83982-8,100.00
HG-GC-83982-9,100.00
HG-GC-83993-2,18.00
HG-GC-83993-3,6.00
HG-GC-83993-4,44.00
HG-GC-84739-1,250.00
HG-GC-84739-2,250.00
HG-GC-T83556,299.00
HG-GC-T83575,492.00
HG-GC-T83579,500.00
HG-GC-T83586,300.00
HL-80-SG-ST980210A,2.00
HR-1TB-SG-1000DM003,21.00
HR-1TB-SG-1000DX001,1.00
HR-1TB-WD-1002FAEX-F,1.00
HR-1TB-WD-10EZRX,4.00
HR-250-WD-WD2500VS-P,4.00
HR-2TB-SG-2000DM001,10.00
HR-2TB-WD-20EZRX,4.00
HR-320-SG-ST332311CS,8.00
HR-3TB-SG-ST300DM001,19.00
HR-3TB-WD-30EZRX,1.00
HR-4TB-SG-ST400DM000,10.00
HR-500-SG-350414CS-P,22.00
HR-500-SG-500DM002-F,2.00
HR-500-SG-ST500DM002,25.00
HRL-160-WD-BEKX-F,5.00
HRL-1TB-WD-JPVX,1.00
HRL-750-WD-BPKX,1.00
HS-120-MU-MKNSSDCRD7,1.00
HS-128-SS-MZ-7KE128B,24.00
HS-1TB-SS-MZ-75E1T0B,5.00
HS-1TB-SS-MZ-7KE1T0B,7.00
HS-240-KS-SV300S37A,41.00
HS-240-MU-MKNSSDCRD7,1.00
HS-240-PN-SSD7CS2111,150.00
HS-250-SS-MZ-75E250B,236.00
HS-256-SS-MZ-7KE256B,54.00
HS-500-SS-MZ-75E500B,28.00
HS-512-SS-MZ-7KE512B,7.00
HS-512-SS-MZ-7KE5-OB,2.00
HW-FEET-ST-RFEET,1.00
HW-JMPR-GEN-3PK,70.00
HW-SCRW-LD-TS-BLU-AL,2.00
HW-SCRW-ST-M314-50PK,3.00
HW-SOFF-ST-NUTM-50PK,2.00
KB-COM-MS-5MH-023,3.00
KB-COM-VTK-TWILIGHT,466.00
KB-USB-AU-83244,2.00
KB-USB-LOG-G19S,80.00
KB-USB-MS-3TJ-00001,1.00
KB-USB-RZ-ANANSI,430.00
KB-USB-VTK-TWILIGHT,1,126.00
KB-USB-VTK-TWILIT-OB,1.00
KB-WLS-AZ-KB506W,8.00
KB-WLS-AZ-KB506W-OB,1.00
KB-WLS-GC-83156,1.00
KB-WLS-LOG-003677,1.00
KB-WLS-VTK-HWKPCK,594.00
KB-WLS-VTK-HWKPCK-OB,26.00
KVM-IO-2PC-GCS22U,2.00
KVM-WT-KS302,3.00
MA-83841-1,100.00
MA-83841-2,99.00
MB-1150-AS-Q87M-ECSM,1.00
MB-1150-GA-H97M-D3H,4.00
MB-1155-AS-P8H67-MP3,1.00
MB-1155-AS-P8H77-M,12.00
MB-1155-AS-P8H77-MLE,103.00
MB-1155-AS-P8H77-MPR,65.00
MB-1155-AS-P8H77-V,8.00
MB-1155-AS-P8H77-VLE,25.00
MB-1155-AS-P8P67,2.00
MB-1155-AS-P8P67-R3,3.00
MB-1155-AS-P8Z77-M,100.00
MB-1155-AS-P8Z77-MPR,57.00
MB-1155-AS-P8Z77-VDX,1.00
MB-1155-AS-P8Z77-VLE,8.00
MB-1155-AS-P8Z77-VLP,5.00
MB-1155-AS-P8Z77-VLX,48.00
MB-1155-ASR-H61ICAFE,1.00
MB-1155-ASR-H61M-GS,2.00
MB-1155-ASR-H61M-S,1.00
MB-1155-ASR-H67M-GE,2.00
MB-1155-MS-H61M-P20,25.00
MB-478-ASR-P4I945GC,44.00
MB-754-ASR-K8A780LM,12.00
MB-754-ASR-K8NF3-VST,309.00
MB-754-ASR-K8UPNF,1.00
MB-939-ASR-939A785GH,4.00
MB-939-ASR-939A790GH,26.00
MB-A-ASR-K7S41GX,21.00
MB-A-ASR-K7S41GX2,36.00
MB-AM3-AS-M4A78-AM,1.00
MB-AM3-AS-M4N68T,6.00
MB-AM3-ASR-760GM-GS3,25.00
MB-AM3-ASR-770EXT3,10.00
MB-AM3-ASR-785G-PR,8.00
MB-AM3-ASR-870ICAFE,38.00
MB-AM3-ASR-880GEXT3,12.00
MB-AM3-ASR-880G-PR3,2.00
MB-AM3-ASR-880GXH-U3,1.00
MB-AM3-ASR-88GMSC128,12.00
MB-AM3-ASR-890GMH-U3,10.00
MB-AM3-ASR-890GXEXT3,10.00
MB-AM3-ASR-890GXEXT4,6.00
MB-AM3-ASR-890GX-PR3,42.00
MB-AM3-ASR-89GXEX4R2,51.00
MB-AM3-ASR-A780GMH12,11.00
MB-AM3-ASR-M378GLE12,3.00
MB-AM3-ASR-M3A760GMH,1.00
MB-AM3-ASR-M3A770DE,8.00
MB-AM3-ASR-M3N78D,68.00
MB-AM3-ASR-N68VS3-UC,48.00
MB-AM3-GA-78LMTU3-OE,3.00
MB-AM3-GA-78LMT-USB3,49.00
MB-AM3-MS-GF615M-P31,1.00
MB-CD-AS-P5G41TM-LX,1.00
MB-CD-AS-P5G-MX,1.00
MB-COMB-ASR-W13D6R2,35.00
MB-COMB-MS-P67A-GD65,16.00
MB-FM1-AS-F1A55,1.00
MB-FM1-ASR-A55-PRO,2.00
MB-FM1-ASR-A75M,26.00
MB-FM1-ASR-A75-PR4,11.00
MB-FM1-GA-A75M-UD2H,1.00
MB-FM1-MS-A55M-P33-F,134.00
MB-FM2-AS-A68HMPL-OB,2.00
MB-FM2-AS-A88XM-E,6.00
MB-ITX-AS-AT3IONT-I,1.00
MB-ITX-AS-AT5NM10-I,11.00
MB-ITX-ASR-AD2700ITX,1.00
MB-ITX-ASR-AD425PV3,6.00
MB-ITX-ASR-AD525PV,7.00
MB-ITX-ASR-PV530,5.00
MED-CDR-52X-S,3,429.00
MED-DVD-R-16X,2,632.00
MED-MSD-WT-MUSDCK4G,1.00
MED-SD-8G-CE-S1SDHC4,6.00
MED-TB-16G-AD-C008RK,9.00
MED-TB-16G-MU-NUFDAM,4.00
MED-TB-16G-MU-NUFDVS,5.00
MED-TB-32G-AD-AUV128,36.00
MED-TB-32G-KS-DTDUO3,3.00
MED-TB-32G-MU-NUFDAM,5.00
MED-TB-32G-MU-NUFDPR,4.00
MED-TB-32G-MU-NUFDVS,3.00
MED-TB-8G-MU-NUFDAM,2.00
MED-TB-8G-MU-NUFDPR,9.00
MFP-CM-2P-USB3,7.00
MIS-3BSHIRT-2X-B,14.00
MIS-3BSHIRT-3X-B,6.00
MIS-3BSHIRT-L-B,13.00
MIS-3BSHIRT-M-B,9.00
MIS-3BSHIRT-S-B,10.00
MIS-3BSHIRT-XL-B,19.00
MIS-AD-BY-FDD-KIT,2.00
MIS-AD-PRU-HDB02B,13.00
MIS-ARD-83800,182.00
MIS-ARD-83801,160.00
MIS-ARD-83869,19.00
MIS-ARD-84457,91.00
MIS-AS-CUBE-REM,3.00
MIS-DC-83998-1,118.00
MIS-DC-83998-10,101.00
MIS-DC-83998-11,100.00
MIS-DC-83998-12,99.00
MIS-DC-83998-13,114.00
MIS-DC-83998-14,15.00
MIS-DC-83998-15,16.00
MIS-DC-83998-17,118.00
MIS-DC-83998-18,100.00
MIS-DC-83998-19,100.00
MIS-DC-83998-2,100.00
MIS-DC-83998-20,100.00
MIS-DC-83998-21,120.00
MIS-DC-83998-22,18.00
MIS-DC-83998-23,19.00
MIS-DC-83998-25,117.00
MIS-DC-83998-26,100.00
MIS-DC-83998-27,100.00
MIS-DC-83998-28,100.00
MIS-DC-83998-29,120.00
MIS-DC-83998-3,100.00
MIS-DC-83998-30,18.00
MIS-DC-83998-31,18.00
MIS-DC-83998-4,100.00
MIS-DC-83998-5,114.00
MIS-DC-83998-6,11.00
MIS-DC-83998-7,6.00
MIS-DC-83998-9,111.00
MIS-GC-82348-1,1.00
MIS-GEN-LED-83862,50.00
MIS-GEN-LED-83953,794.00
MIS-GEN-SB-82341,65.00
MIS-GEN-SW-82343,18.00
MIS-IPH-BCK-A1332-BK,15.00
MIS-IPH-BCK-A1387-BK,14.00
MIS-IPH-SCREN-4AT-WT,5.00
MIS-LP-AC502,777.00
MIS-T8-T8WM-HC1-B,445.00
MIS-T8-T8WM-HR2-B,67.00
MIS-THE-BTX-UPKIT,109.00
MIS-THE-CLW0202,401.00
MIS-THERM-PACK-2G,103.00
MIS-THERM-TH-1G,85.00
MIS-THERM-VIO-TUBE,32.00
MIS-THE-THINWINGS,12.00
MIS-TI-TTN-ST01,10.00
MIS-USB-HEADER-1PORT,11.00
MOD-PRU-PWI-FAX,3.00
MOD-TRN-USB-TFM-561U,1.00
MS-OPS2-GEN-SC-B,92.00
MS-OUSB-GEN-B,143.00
MS-OUSB-LOG-G502,1,008.00
MS-OUSB-LOG-G600,242.00
MS-OUSB-VTK-LIGHT-V2,1,346.00
MS-OUW-MS-ZJA-002,1.00
MS-OUW-VTK-MEIST-BK,886.00
MS-OUW-VTK-MEIST-OB,8.00
MS-OUW-VTK-MEIST-OEM,18.00
MTL-AC-G237HL,15.00
MTL-AC-G246HY,24.00
MTL-AC-K242HQLBBID,291.00
MTL-AC-S241HL,8.00
MTL-DE-E1914H-F,1.00
MTL-DE-E1914H-OB,5.00
MTL-DE-E2414H,922.00
MTL-DE-P2314H,177.00
MTL-DE-P2414H,240.00
MTL-DE-S2240M,87.00
MTL-DE-S2715H,100.00
MTL-DE-U2415,238.00
MTL-DE-UP3214QT-F,1.00
MTL-HY-G70TR-F,16.00
MTL-HY-G73TR-F,13.00
MTL-HY-G90TR-F,13.00
MTL-HY-K93W,2.00
MTL-HY-K93W-F,1.00
MTL-HY-L70A-F,5.00
MTL-HY-L70B-F,8.00
MTL-HY-L71S-F,2.00
MTL-HY-LM1510A-F,1.00
MTL-HY-Q17B-F,2.00
MTL-HY-X226W-OB,1.00
MTL-HY-X90W,4.00
MTL-LG-27MP34HQ-B,12.00
MTL-LG-M1710ABM-F,1.00
MTL-LG-M2362DP-EM-OB,5.00
MTL-LG-M2900S-BN-F,1.00
MTL-LG-M3202C-BA-F,4.00
MTL-LG-M3203C-BA-F,4.00
MTL-LG-M3203CC-BA-F,3.00
MTL-LG-M3800S-BN-F,1.00
MTL-LG-N1742LP-BF-F,2.00
MTL-LG-N1910LZ-BF-F,10.00
MTL-LG-W1942TEBF-NSF,2.00
MTL-V7-D19W12-N6,12.00
ND-IO-SI-PEX24038,3.00
ND-WAC-IN-7260HMWDTX,9.00
ND-WN-TP-TL-WN781ND,2.00
ND-WN-TP-TL-WN851N,3.00
NET-ADSL-NET-DL4201,10.00
NET-ADSL-TP-8616,2.00
NET-ADSL-TP-8816-OB,1.00
NET-ADSL-TP-W8960N,1.00
NET-APWN-PQ-6W410R02,39.00
NET-CAM-GC-81629,271.00
NET-CAM-GC-81641-OB,2.00
NET-CAM-GC-81703,13.00
NET-CAM-GC-85718,10.00
NET-ENCL-AK-CLOUDHYB,1.00
NET-POE-TP-POE10R,5.00
NET-POE-TP-POE10R-OB,1.00
NET-POE-TP-POE200,2.00
NET-PRS-TP-PS110P,1.00
NET-PRU-PWI-USB-LAN,1.00
NET-PRU-PWI-US-LN-OB,1.00
NET-SWG-TP-SG1005D,1.00
NICL-WN-LIN-WPC600N,538.00
NICM-WN-IN-7260HMWNB,2.00
NL-GF-EE102DLX,61.00
NRN-ADSL-AT-GT784-OE,8.00
NRN-ADSL-AT-GT784WN,4.00
NRN-LI-E1200-CA,51.00
NRN-LI-E1200-CA-OB,1.00
NRN-LI-EA3500-NP,2.00
NRN-TP-TL-WDR4300,5.00
NRN-TP-TL-WR700N,5.00
NRN-TP-TL-WR702N,5.00
NRN-TP-TL-WR840N,3.00
NT-ANT-EXT-1.1M,1,334.00
NT-ANT-TL-ANT2408C,3.00
NT-ANT-TL-ANT2414A,3.00
NT-ANT-TL-ANT2414B,1.00
NT-ANT-TL-ANT2424B,7.00
NT-HUB-LI-EF2H16,2.00
NT-PWL-BEL-F5D4077,2.00
NT-REXN-HA-HWREN2-OB,1.00
NT-REXN-TL-WA730R-OB,1.00
NT-SW-GF-EZ520-S,988.00
NT-SW-GF-EZ820-S,596.00
NU-WN-TP-WDN4200,1.00
NU-WN-TP-WN822N,1.00
PB-SYS-3B-IN-G2030,1.00
PD-DE-O780-E54-2-160,50.00
PD-HP-63PR-322-4-500,39.00
PD-HP-E80-84-4-160,4.00
PD-LEN-0967A9U-OB,1.00
PL-DE-17HI7161T-F,1.00
PL-DE-E6420-25-8-320,3.00
PL-DE-I14RMT-7501S-F,1.00
PL-DE-I15MT-14879S-F,1.00
PL-DE-I15MT-3904SL-F,1.00
PL-DE-I17RM-5161BR-F,2.00
PL-DE-I17RM-5161MR-F,5.00
PL-DE-I17RM-51623S-F,5.00
PL-DE-I17RM-5164AP-F,14.00
PL-DE-I17RM-5164IU-F,10.00
PL-DE-I3148-8840SL-F,1.00
PL-DE-I3451-1001K-F,5.00
PL-DE-I3531-1200K-F,2.00
PL-DE-I3541-4000K-F,1.00
PL-DE-I3542-1666K-F,1.00
PL-DE-I3542-3333K-F,1.00
PL-DE-I3542-8333K-F,1.00
PL-DE-I3543-5751BK-F,4.00
PL-DE-I3551-2600K-F,1.00
PL-DE-I5447-8751SL-F,1.00
PL-DE-I5547-1250SL-F,1.00
PL-DE-I5547-3753SL-F,1.00
PL-DE-I5548-5833SL-F,13.00
PL-DE-I5749-1111SL-F,3.00
PL-DE-I5749-1322SL-F,1.00
PL-DE-I7348-3286SL-F,5.00
PL-DE-I7348-4286SL-F,11.00
PL-DE-I737T-5560SL-F,2.00
PL-DE-I7746-6875SL-F,7.00
PL-DE-XPS11-9231CF-F,3.00
PL-DE-XPS15-4737SL-F,1.00
PL-DE-XPSU12-4672C-F,4.00
PL-HP-B5Z52UA-F,1.00
PL-HP-C3Q78UA-F,1.00
PL-HP-D1A54UA-F,1.00
PL-HP-D3H54UT-F,1.00
PL-HP-D3K48UT-F,1.00
PL-HP-E8B20UA-F,1.00
PL-HP-E8C05UA-F,1.00
PL-HP-E8C06UA-F,8.00
PL-HP-E8C34UA-F,2.00
PL-HP-E8G73UA-F,1.00
PL-HP-E9G80UA-F,1.00
PL-HP-EB84-4-320,13.00
PL-HP-F9J18UA-F,1.00
PL-HP-F9M09UA-F,1.00
PL-HP-G4X63UA-F,7.00
PL-HP-G9D77UA-F,1.00
PL-HP-J6P01UA-F,4.00
PL-LEN-20CD00BXUS-OB,4.00
PL-LEN-20DL0032US,1.00
PL-LEN-59423621-F,11.00
PL-LEN-59441916,168.00
PL-LEN-59442503,2.00
PL-LEN-80E501U3US-F,20.00
PL-LEN-T42-252-4-128,50.00
PL-LEN-T52-252-8-500,29.00
PL-TSH-C55D-A5348-OB,2.00
PL-TSH-C55DT-B5128,7.00
PL-TSH-S55T-B5134,4.00
PL-TSH-S55T-B5239-F,1.00
PL-TSH-Z10T-A1111-F,1.00
PS-CM-450W-24PIN-OB,1.00
PS-CM-750W-24PIN,92.00
PSM-CM-450W-24PIN,383.00
PS-VTK-450W-24PIN-OB,1.00
PS-VTK-450W-24PIN-V2,261.00
PS-VTK-550W-24P-V2,1,256.00
PS-VTK-600W-24PIN-V2,675.00
PS-VTK-700W-24PIN-V2,306.00
PS-VTK-850W-24PIN,204.00
PS-VTK-850W-24PIN-OB,2.00
PT-BR-MFC-J5620DW,145.00
PT-CAN-MF227DW,1.00
PT-CAN-MF227DW-OB,4.00
PT-CAN-MF8280CW,460.00
PT-CAN-MG5520,694.00
PT-HP-7110,10.00
PT-HP-A7F65A,2.00
PT-HP-B3Q11A,1.00
PT-HP-B3Q11A-OB,2.00
PT-HP-B4A22A,118.00
PT-HP-C5X25A,1.00
PT-HP-C5X25A-NT,2.00
PT-HP-CE461A-OB,3.00
PT-HP-CE528A,80.00
PT-HP-CE991A-F,3.00
PT-HP-CF286A-NT,2.00
PT-HP-CF456A,325.00
PT-HP-CF485A-OB,1.00
PT-HP-E4W43A,998.00
PT-HP-E6B67A,47.00
PT-HP-F8B04A-OB,1.00
PT-HP-P1102W,51.00
PT-SAM-C410W,83.00
RAMD-D2-6400-1G-P,1.00
RAMD-D2-CR-6400-1G,10.00
RAMD-D2-MU-4200-1G,1.00
RAMD-D2-MU-5300-1G,8.00
RAMD-D2-MU-5300-2G,9.00
RAMD-D2-MU-6400-1G,3.00
RAMD-D2-MU-6400-2G,4.00
RAMD-D3-BX-10600-4G,1.00
RAMD-D3-CR-12800-4G,3.00
RAMD-D3-HX-316C10F4,39.00
RAMD-D3-HX-316C10-OB,1.00
RAMD-D3-MU-10600-8G,21.00
RAMD-D3-MU-1060-16GK,2.00
RAMD-D3-MU-10666-4G,44.00
RAMD-D3-MU-1280-16GK,4.00
RAMD-D3-MU-8500-2G,7.00
RAMD-D3-MU-8500-4G,2.00
RAMD-D3-MU-B1280-4G,12.00
RAMD-D3-MU-B1490-16K,1.00
RAMD-D3-MU-B1700-16K,3.00
RAMD-D3-MU-R1700-16K,1.00
RAMD-D4-CR-17000-4G,2.00
RAMD-SD-133-512,8.00
RAML-D1-CR-2700-1G,2.00
RAML-D1-MU-2100-1G,2.00
RAML-D1-MU-2700-1G,5.00
RAML-D2-CR-5300-1G,27.00
RAML-D2-CR-6400-2GB,23.00
RAML-D2-HP-VM443AA-F,12.00
RAML-D2-MU-4200-1G,7.00
RAML-D2-MU-4200-2G,2.00
RAML-D2-MU-5300-1G,1.00
RAML-D2-MU-5300-2G,2.00
RAML-D2-MU-6400-1G,3.00
RAML-D2-MU-6400-2G,4.00
RAML-D3-10600-2G-P,26.00
RAML-D3-MU-10666-4G,4.00
RAML-D3-MU-10666-8G,5.00
RAML-D3-MU-12800-4G,3.00
RAML-D3-MU-12800-8G,4.00
RAML-D3-MU-8500-2G,5.00
RAML-D3-MU-8500-4G,4.00
SC-AS-SUPFX,81.00
SC-AS-XONAR-DG,14.00
SC-AS-XONAR-DGX,1.00
SC-CL-SB-AUD-SE,2.00
SC-ST-PCISOUND5CH2,3.00
SE-CA-83565,25.00
SE-CAM-GC-00971,5.00
SE-CAM-GC-84321,81.00
SE-CAM-GC-84321-OB,1.00
SE-CAM-VO-VCB102G,47.00
SE-CAM-VO-VCB104S,92.00
SE-CAM-VO-VCB229B,28.00
SE-CAM-VO-VCB229S,12.00
SE-CAM-VO-VCB230B,21.00
SE-CAM-VO-VCB230S,24.00
SE-CAM-VO-VCB271W,41.00
SE-CAM-VO-VCB272W,55.00
SE-CAM-VO-VCD520B,33.00
SE-CAM-VO-VCD520W,23.00
SE-CAM-VO-VCD551W,64.00
SE-CA-RG59-END,80.00
SE-CA-RG6-SIN-GD-1K,1.00
SE-CA-TYPEF-END,3.00
SN-AV-0743Q-00G-F,33.00
SP-CA-2012,9.00
SP-CL-A250,2.00
SP-CL-A550,1.00
SP-CL-INSP-A60,1.00
SP-D2-DSP-R1-BK,57.00
SP-D2-DSP-R1-PL,153.00
SP-D2-DSP-R1-RD,79.00
SP-GC-83339-2,17.00
SP-IN-88038,2.00
SP-JBL-CHRG2BLKAM-OB,2.00
SP-JBL-CHRG2WHTAM,9.00
SP-JBL-CHRG2WHTAM-OB,1.00
SP-KIN-BT-150,323.00
SP-LOG-UE-BOOM,85.00
STW-MS-OF13-HBUS,95.00
STW-MS-W10-PRO64,5.00
STW-MS-W7-H-PRE64,3.00
STW-MS-W7-PRO64,8.00
STW-MS-W8-PRO64,6.00
SUP-ESD-5.5X8-200PK,437.00
SUP-IJ-CA-250-5PK,91.00
SUP-IJ-EDB-250-5PK-F,17.00
SUP-IJ-EDB-CANFLUSH,4.00
SUP-IJ-EDB-CANREFFLU,9.00
SUP-IJ-EDB-CANREFKIT,10.00
SUP-IJ-EDB-FROST24,5.00
SUP-IJ-EDB-T200-4PK,12.00
SUP-IJ-EDB-WAFER24,7.00
SUP-IJ-GC-T069-4PK-F,1.00
SUP-LT-ST-E40,1.00
TAB-AR-502153,363.00
TAB-AR-502153-OB,3.00
TAB-D2-912-BK-OB,9.00
TAB-D2-912-WH-OB,2.00
TAB-DE-BELL8-1818K-F,1.00
TAB-DE-V8TBL-3334K-F,1.00
TAB-GS-QV830-BK,10.00
TAB-GS-QV830-BK-OB,3.00
TAB-GS-QV830-SL,1.00
TAB-GS-QV830-SL-OB,5.00
TAB-HS-SNAT71BUE,311.00
TAB-HS-SNAT71BUE-OB,1.00
TAB-JL-PRO-7C,82.00
TAB-LEN-367923U-F,1.00
TAB-LP-LEPAN2-OB,1.00
TAB-LP-TC802A-OB,6.00
TAB-VTK-83380-13,267.00
TAB-VTK-83380-14,221.00
TAB-VTK-83380-15,131.00
TG-AS-DESK-ST-M3013,1.00
TG-CA-FS-TRP-DPSXL3M,31.00
TG-CA-FS-WIPE-DPSCT,13.00
TG-GC-81851,36.00
TG-GC-82344,505.00
TG-GC-83471,131.00
TG-GC-84580,8.00
TG-GC-85671,4.00
TG-NOV-DC-MISSLE-3PK,29.00
TG-WA-VIN-MV6,114.00
TG-WIPE-FS-80-DSCT,1.00
UPS-OU-CS730B,16.00
UPS-PCM-BNT-1000CSU,4.00
UPS-PCM-BNT-1500-230,3.00
UPS-PCM-BNT-1500AP,25.00
UPS-PCM-BNT-15-230OB,3.00
UPS-PCM-BNT-800AP,17.00
UPS-PCM-KIN-2200APOB,1.00
USB-HUB-84868,4.00
USB-HUB-GEN-2.0-10P,3.00
USB-HUB-GEN-2.0-4P,2.00
USB-HUB-GEN-83516,46.00
USB-LED-GC-83649-2,170.00
USB-LED-GC-83649-3,168.00
VA-CM-RAGEXL-8MB-PCI,28.00
VA-DT-VAR128P-32P,34.00
VA-DT-VAR128P-32P-OB,2.00
VA-DT-VARX-8P,1.00
VN-AS-GT610-2GD3-CSM,3.00
VN-AS-GT610-SL1GD3-L,1.00
VN-EV-6200-512-PCI,8.00
VN-EV-6200-512-PC-OB,1.00
VN-GA-N610-1GI,3.00
VN-GA-N610SL-2GL,3.00
VN-GA-N750OC-2GI,2.00
VN-SP-GTX275-896MB,1.00
WA-84632-1,30.00
WA-84632-2,30.00
WA-84632-3,29.00
WA-84632-4,30.00
WA-84633-1,27.00
WA-84633-2,30.00
WA-84633-3,28.00
WA-84633-4,27.00
WA-84637,30.00
WA-84639-1,30.00
WA-84639-2,30.00
WA-84639-3,30.00
WA-84639-4,30.00
WA-84640-1,10.00
WA-84640-10,10.00
WA-84640-11,10.00
WA-84640-2,10.00
WA-84640-3,10.00
WA-84640-4,10.00
WA-84640-5,10.00
WA-84640-6,10.00
WA-84640-7,10.00
WA-84640-8,10.00
WA-84640-9,10.00
WC-LOG-C270-OB,3.00
XG-DE-I5348-5555K-A,1.00
XG-DE-I5535-245SL-F,1.00
